strategy,observations,cumulative_return,annualized_return,annualized_volatility,sharpe_ratio,max_drawdown,excess_cumulative_return,tracking_error,active_tracking_error_annualized,information_ratio,correlation,active_return_mean_daily,active_return_std_daily,experiment_name,base_experiment,te_target,lookback_days,min_active_scale,benchmark_cumulative_return,excess_cumulative_return_pct_point,average_active_scale,min_active_scale_realized
consensus_multiplier_return_focus_te_overlay_12_10d_floor25,441,5.884493429334857,2.011507812460095,0.5506488488679366,3.652977422172946,-0.3254186046586426,0.9257415798955018,0.11079972353963757,0.11079972353963757,0.7899128401654768,0.9795510164832099,0.00034731001710612997,0.006979726519537864,consensus_multiplier_return_focus_te_overlay_12_10d_floor25,consensus_multiplier_return_focus,0.12,10,0.25,4.958751849439356,0.9257415798955018,0.9087342675606684,0.36940607090556593
consensus_multiplier_return_focus_te_overlay_12_10d_floor50,441,5.866069604443999,2.006899912427854,0.550644995761265,3.644634797149697,-0.3254186046586426,0.9073177550046436,0.11110686614868308,0.11110686614868308,0.7738745955549589,0.9794363477256239,0.0003412015123182185,0.006999074685265624,consensus_multiplier_return_focus_te_overlay_12_10d_floor50,consensus_multiplier_return_focus,0.12,10,0.5,4.958751849439356,0.9073177550046436,0.9127649085047621,0.5
consensus_multiplier_return_focus_te_overlay_12_20d_floor25,441,5.8895755124665605,2.012777939145817,0.5537066328201151,3.6350981184646853,-0.32053696270677023,0.9308236630272049,0.11337731420949933,0.11337731420949933,0.7905468858469193,0.9788137357379482,0.000355674931246061,0.0071420994693991635,consensus_multiplier_return_focus_te_overlay_12_20d_floor25,consensus_multiplier_return_focus,0.12,20,0.25,4.958751849439356,0.9308236630272049,0.9104634064238499,0.5062816730570983
consensus_multiplier_return_focus_te_overlay_12_20d_floor50,441,5.8895755124665605,2.012777939145817,0.5537066328201151,3.6350981184646853,-0.32053696270677023,0.9308236630272049,0.11337731420949933,0.11337731420949933,0.7905468858469193,0.9788137357379482,0.000355674931246061,0.0071420994693991635,consensus_multiplier_return_focus_te_overlay_12_20d_floor50,consensus_multiplier_return_focus,0.12,20,0.5,4.958751849439356,0.9308236630272049,0.9104634064238499,0.5062816730570983
consensus_multiplier_return_focus_te_overlay_10_10d_floor25,441,5.80994099223352,1.9928290699138316,0.5482455328750877,3.6349207616213772,-0.33264648195761026,0.8511891427941647,0.1014292061135658,0.1014292061135658,0.7891558759759592,0.9827453626482323,0.0003176327539686394,0.006389439406076365,consensus_multiplier_return_focus_te_overlay_10_10d_floor25,consensus_multiplier_return_focus,0.1,10,0.25,4.958751849439356,0.8511891427941647,0.8553728954510372,0.307838392421305
consensus_multiplier_return_focus_te_overlay_10_10d_floor50,441,5.777959142079473,1.9847893315390426,0.5483418234760596,3.619620547922144,-0.33264648195761026,0.819207292640117,0.10224465947877925,0.10224465947877925,0.7569297907049689,0.9824708219758869,0.0003071112249998936,0.0064408081396507815,consensus_multiplier_return_focus_te_overlay_10_10d_floor50,consensus_multiplier_return_focus,0.1,10,0.5,4.958751849439356,0.819207292640117,0.8641430274996851,0.5
consensus_multiplier_return_focus_te_overlay_10_20d_floor25,441,5.804913405358933,1.9915662866294115,0.5508049944094776,3.6157375238846288,-0.32717044214052904,0.8461615559195774,0.10236920458059931,0.10236920458059931,0.7915094014265351,0.9825774966251543,0.00032153249143690747,0.006448653743613331,consensus_multiplier_return_focus_te_overlay_10_20d_floor25,consensus_multiplier_return_focus,0.1,20,0.25,4.958751849439356,0.8461615559195774,0.8491373282873684,0.42190139421424855
consensus_multiplier_return_focus_te_overlay_08_20d_floor25,441,5.757570388834378,1.9796554290880088,0.5479707436657322,3.6127027801608675,-0.3378554932931175,0.7988185393950227,0.08937728221362233,0.08937728221362233,0.8454499548907708,0.986608763256003,0.0002998572191101853,0.005630239561811457,consensus_multiplier_return_focus_te_overlay_08_20d_floor25,consensus_multiplier_return_focus,0.08,20,0.25,4.958751849439356,0.7988185393950227,0.7596714223312241,0.33752111537139884
consensus_multiplier_return_focus_te_overlay_10_20d_floor50,441,5.777143170701338,1.9845839966169598,0.5507786939311667,3.6032330561882304,-0.32717044214052904,0.8183913212619824,0.10275056734959169,0.10275056734959169,0.7655970189163135,0.9824445306131447,0.00031216479386828293,0.006472677339947922,consensus_multiplier_return_focus_te_overlay_10_20d_floor50,consensus_multiplier_return_focus,0.1,20,0.5,4.958751849439356,0.8183913212619824,0.8537504135490271,0.5
consensus_multiplier_return_focus_te_overlay_12_10d_floor75,441,5.795191489037539,1.9891232899139442,0.5521003348255932,3.602829349020957,-0.32481460518708605,0.8364396395981837,0.1151290906524883,0.1151290906524883,0.7018720301802925,0.9780178494446398,0.0003206582880518766,0.007252451012749881,consensus_multiplier_return_focus_te_overlay_12_10d_floor75,consensus_multiplier_return_focus,0.12,10,0.75,4.958751849439356,0.8364396395981837,0.9371344818919697,0.75
consensus_multiplier_return_focus_te_overlay_08_10d_floor25,441,5.703613731975947,1.9660369777286384,0.5459859222518072,3.6008931688570307,-0.3424634448752001,0.7448618825365916,0.08944071368789885,0.08944071368789885,0.7812528273311113,0.9865005649799391,0.0002772849620919977,0.005634235369102644,consensus_multiplier_return_focus_te_overlay_08_10d_floor25,consensus_multiplier_return_focus,0.08,10,0.25,4.958751849439356,0.7448618825365916,0.7770070331589122,0.25
consensus_multiplier_return_focus_te_overlay_12_20d_floor75,441,5.815674233739179,1.994268605573545,0.5538574472439904,3.6006893389211956,-0.31980613030453964,0.856922384299823,0.11573486298883594,0.11573486298883594,0.7216522162689434,0.9779245842768908,0.00033142984275982525,0.007290611083061748,consensus_multiplier_return_focus_te_overlay_12_20d_floor75,consensus_multiplier_return_focus,0.12,20,0.75,4.958751849439356,0.856922384299823,0.9316277832714817,0.75
consensus_multiplier_return_focus_te_overlay_12_60d_floor25,441,5.816302266857147,1.9944262642420973,0.5547606538706972,3.595111243608411,-0.31696146470741404,0.8575504174177917,0.11969845132353357,0.11969845132353357,0.7023686030533852,0.976445964921218,0.00033362077001493617,0.007540293679086667,consensus_multiplier_return_focus_te_overlay_12_60d_floor25,consensus_multiplier_return_focus,0.12,60,0.25,4.958751849439356,0.8575504174177917,0.9304552877366955,0.6697065211266505
consensus_multiplier_return_focus_te_overlay_12_60d_floor50,441,5.816302266857147,1.9944262642420973,0.5547606538706972,3.595111243608411,-0.31696146470741404,0.8575504174177917,0.11969845132353357,0.11969845132353357,0.7023686030533852,0.976445964921218,0.00033362077001493617,0.007540293679086667,consensus_multiplier_return_focus_te_overlay_12_60d_floor50,consensus_multiplier_return_focus,0.12,60,0.5,4.958751849439356,0.8575504174177917,0.9304552877366955,0.6697065211266505
consensus_multiplier_return_focus_te_overlay_12_40d_floor25,441,5.820529392644229,1.9954872613628725,0.5552196577565132,3.5940500907804247,-0.31694484005634316,0.8617775432048731,0.11825247733663337,0.11825247733663337,0.715792437765318,0.9770596091413526,0.0003358897977165747,0.007449205879762702,consensus_multiplier_return_focus_te_overlay_12_40d_floor25,consensus_multiplier_return_focus,0.12,40,0.25,4.958751849439356,0.8617775432048731,0.9205042886085065,0.6482545254287363
consensus_multiplier_return_focus_te_overlay_12_40d_floor50,441,5.820529392644229,1.9954872613628725,0.5552196577565132,3.5940500907804247,-0.31694484005634316,0.8617775432048731,0.11825247733663337,0.11825247733663337,0.715792437765318,0.9770596091413526,0.0003358897977165747,0.007449205879762702,consensus_multiplier_return_focus_te_overlay_12_40d_floor50,consensus_multiplier_return_focus,0.12,40,0.5,4.958751849439356,0.8617775432048731,0.9205042886085065,0.6482545254287363
consensus_multiplier_balanced_te_overlay_10_10d_floor25,441,5.7035968743081735,1.9660327155931125,0.5470778513794713,3.5936982472160204,-0.33534721303469095,0.7448450248688179,0.07909631144678854,0.07909631144678854,0.891302167483711,0.989493377205781,0.00027975680092257656,0.0049825992788265225,consensus_multiplier_balanced_te_overlay_10_10d_floor25,consensus_multiplier_balanced,0.1,10,0.25,4.958751849439356,0.7448450248688179,0.95930452344653,0.41693711707723113
consensus_multiplier_balanced_te_overlay_10_10d_floor50,441,5.699461490220915,1.9649870248255774,0.5470780740503907,3.591785374027958,-0.33534721303469095,0.7407096407815592,0.0791708097892929,0.0791708097892929,0.8859974373823986,0.9894734666010382,0.0002783537086857255,0.0049872922332873095,consensus_multiplier_balanced_te_overlay_10_10d_floor50,consensus_multiplier_balanced,0.1,10,0.5,4.958751849439356,0.7407096407815592,0.960744717097182,0.5
consensus_multiplier_return_focus_te_overlay_08_20d_floor50,441,5.709844483157523,1.9676119882890961,0.5479632963380354,3.5907733263128767,-0.3378554932931175,0.7510926337181676,0.09071314380687655,0.09071314380687655,0.7880979684959359,0.9862026259193399,0.00028369382678602816,0.00571439093232939,consensus_multiplier_return_focus_te_overlay_08_20d_floor50,consensus_multiplier_return_focus,0.08,20,0.5,4.958751849439356,0.7510926337181676,0.7737810068963118,0.5
consensus_multiplier_return_focus_te_overlay_12_60d_floor75,441,5.799098475277956,1.9901052469022358,0.5547944911726163,3.587103474470231,-0.31696146470741404,0.8403466258386008,0.12004911099743881,0.12004911099743881,0.6883850700195399,0.9763089025022873,0.00032793657015775963,0.007562383162228864,consensus_multiplier_return_focus_te_overlay_12_60d_floor75,consensus_multiplier_return_focus,0.12,60,0.75,4.958751849439356,0.8403466258386008,0.932379935758126,0.75
consensus_multiplier_balanced_te_overlay_08_10d_floor25,441,5.66724903179123,1.9568321558398463,0.5456191400662386,3.586443385403022,-0.33864315090485053,0.7084971823518744,0.07394875682383863,0.07394875682383863,0.900710723245062,0.990773256682693,0.000264311262864575,0.00465833381710161,consensus_multiplier_balanced_te_overlay_08_10d_floor25,consensus_multiplier_balanced,0.08,10,0.25,4.958751849439356,0.7084971823518744,0.9195940309051949,0.3335496936617849
consensus_multiplier_balanced_te_overlay_10_10d_floor75,441,5.682359637116438,1.960659637054941,0.547187479067899,3.5831588112995694,-0.33534721303469095,0.7236077876770821,0.07992969247821115,0.07992969247821115,0.8599482057973358,0.989273906960526,0.0002727595064943273,0.005035097349219445,consensus_multiplier_balanced_te_overlay_10_10d_floor75,consensus_multiplier_balanced,0.1,10,0.75,4.958751849439356,0.7236077876770821,0.9719860715185916,0.75
consensus_multiplier_balanced_te_overlay_08_10d_floor50,441,5.655827555146529,1.953936654784322,0.5456142504766017,3.5811686609679474,-0.33864315090485053,0.6970757057071735,0.07414555350433027,0.07414555350433027,0.885023692049224,0.9907237274976949,0.0002603990932993479,0.004670730842706942,consensus_multiplier_balanced_te_overlay_08_10d_floor50,consensus_multiplier_balanced,0.08,10,0.5,4.958751849439356,0.6970757057071735,0.9239542139423109,0.5
consensus_multiplier_return_focus_te_overlay_12_40d_floor75,441,5.782386392400913,1.9859032412600626,0.555300187954475,3.5762697084173727,-0.31694484005634316,0.8236345429615577,0.11899897060415127,0.11899897060415127,0.6846221666265802,0.976771985226168,0.0003232910042910586,0.007496230535506425,consensus_multiplier_return_focus_te_overlay_12_40d_floor75,consensus_multiplier_return_focus,0.12,40,0.75,4.958751849439356,0.8236345429615577,0.9298008735016967,0.75
consensus_multiplier_return_focus_te_overlay_10_60d_floor25,441,5.74017261643685,1.9752694062637732,0.5528613970701871,3.572811226704273,-0.3205945722559075,0.7814207669974946,0.1086674646988526,0.1086674646988526,0.705323301454906,0.9804948907494223,0.0003041495831830523,0.006845406838025104,consensus_multiplier_return_focus_te_overlay_10_60d_floor25,consensus_multiplier_return_focus,0.1,60,0.25,4.958751849439356,0.7814207669974946,0.8401581209721528,0.5580887676055422
consensus_multiplier_return_focus_te_overlay_10_60d_floor50,441,5.74017261643685,1.9752694062637732,0.5528613970701871,3.572811226704273,-0.3205945722559075,0.7814207669974946,0.1086674646988526,0.1086674646988526,0.705323301454906,0.9804948907494223,0.0003041495831830523,0.006845406838025104,consensus_multiplier_return_focus_te_overlay_10_60d_floor50,consensus_multiplier_return_focus,0.1,60,0.5,4.958751849439356,0.7814207669974946,0.8401581209721528,0.5580887676055422
consensus_multiplier_return_focus_te_overlay_08_10d_floor50,441,5.6467322432324485,1.9516293450313325,0.5467639277185633,3.5694186212589685,-0.3420691160358086,0.6879803937930928,0.09184103643731452,0.09184103643731452,0.7120750016269894,0.9857984146413231,0.0002595147070258934,0.00578544148960847,consensus_multiplier_return_focus_te_overlay_08_10d_floor50,consensus_multiplier_return_focus,0.08,10,0.5,4.958751849439356,0.6879803937930928,0.7959320720809947,0.5
consensus_multiplier_balanced_te_overlay_08_20d_floor25,441,5.650886129092122,1.9526832755948562,0.5471280745090527,3.5689692534001884,-0.33576000533152184,0.6921342796527661,0.0747348128521663,0.0747348128521663,0.8835304424836854,0.9906287743344167,0.00026202572328654723,0.004707850692518709,consensus_multiplier_balanced_te_overlay_08_20d_floor25,consensus_multiplier_balanced,0.08,20,0.25,4.958751849439356,0.6921342796527661,0.9178767028661989,0.46510521977604574
consensus_multiplier_return_focus_te_overlay_06_20d_floor25,441,5.617078509745772,1.9440973357971698,0.5447547383824695,3.568757091622082,-0.3481265721603579,0.6583266603064164,0.07108572542873311,0.07108572542873311,0.8705415423443661,0.9914507811136246,0.0002455677660849105,0.004477979791691622,consensus_multiplier_return_focus_te_overlay_06_20d_floor25,consensus_multiplier_return_focus,0.06,20,0.25,4.958751849439356,0.6583266603064164,0.6131465003208483,0.25314083652854913
consensus_multiplier_return_focus_te_overlay_08_60d_floor25,441,5.686069596358747,1.961598793775683,0.549738857300342,3.5682374780795083,-0.3242250785240821,0.7273177469193914,0.09327953824164942,0.09327953824164942,0.754594936761557,0.9855003048707169,0.0002793185208754154,0.005876058585674846,consensus_multiplier_return_focus_te_overlay_08_60d_floor25,consensus_multiplier_return_focus,0.08,60,0.25,4.958751849439356,0.7273177469193914,0.721799759900618,0.44647101408443374
consensus_multiplier_balanced_te_overlay_08_20d_floor50,441,5.648614452133126,1.9521069370482769,0.547127284684806,3.5679210152585688,-0.33576000533152184,0.6898626026937702,0.07476975184982619,0.07476975184982619,0.8804924258505841,0.9906199203819328,0.00026124682613690343,0.004710051642491708,consensus_multiplier_balanced_te_overlay_08_20d_floor50,consensus_multiplier_balanced,0.08,20,0.5,4.958751849439356,0.6898626026937702,0.9188792780523725,0.5
consensus_multiplier_return_focus_te_overlay_08_20d_floor75,441,5.702781548605917,1.965826570761375,0.5509964431821607,3.5677663532783788,-0.3327657818039117,0.7440296991665614,0.10419369744663176,0.10419369744663176,0.6953608272831558,0.9819577505658317,0.0002875087922784949,0.00656358599104984,consensus_multiplier_return_focus_te_overlay_08_20d_floor75,consensus_multiplier_return_focus,0.08,20,0.75,4.958751849439356,0.7440296991665614,0.8549120892763034,0.75
consensus_multiplier_balanced_te_overlay_10_20d_floor25,441,5.660419913161022,1.9551011363309474,0.5482666268295378,3.5659677986178253,-0.33516490394361786,0.7016680637216668,0.08061644798436433,0.08061644798436433,0.8364036509435371,0.9891337058412214,0.00026757099769929396,0.00507835887971434,consensus_multiplier_balanced_te_overlay_10_20d_floor25,consensus_multiplier_balanced,0.1,20,0.25,4.958751849439356,0.7016680637216668,0.9625770694498199,0.5813815247200572
consensus_multiplier_balanced_te_overlay_10_20d_floor50,441,5.660419913161022,1.9551011363309474,0.5482666268295378,3.5659677986178253,-0.33516490394361786,0.7016680637216668,0.08061644798436433,0.08061644798436433,0.8364036509435371,0.9891337058412214,0.00026757099769929396,0.00507835887971434,consensus_multiplier_balanced_te_overlay_10_20d_floor50,consensus_multiplier_balanced,0.1,20,0.5,4.958751849439356,0.7016680637216668,0.9625770694498199,0.5813815247200572
consensus_multiplier_balanced_te_overlay_08_60d_floor25,441,5.654628733088691,1.9536326135014361,0.5479181448772636,3.5655556067395056,-0.33517135433504963,0.6958768836493352,0.07941205304416117,0.07941205304416117,0.8407627689467176,0.989443549028819,0.00026494721271885937,0.0050024891299028625,consensus_multiplier_balanced_te_overlay_08_60d_floor25,consensus_multiplier_balanced,0.08,60,0.25,4.958751849439356,0.6958768836493352,0.92939842926185,0.7126366091684465
consensus_multiplier_balanced_te_overlay_08_60d_floor50,441,5.654628733088691,1.9536326135014361,0.5479181448772636,3.5655556067395056,-0.33517135433504963,0.6958768836493352,0.07941205304416117,0.07941205304416117,0.8407627689467176,0.989443549028819,0.00026494721271885937,0.0050024891299028625,consensus_multiplier_balanced_te_overlay_08_60d_floor50,consensus_multiplier_balanced,0.08,60,0.5,4.958751849439356,0.6958768836493352,0.92939842926185,0.7126366091684465
consensus_multiplier_balanced_te_overlay_08_60d_floor75,441,5.651878761156127,1.9529350860245662,0.5479287665794237,3.5642134619363577,-0.33517135433504963,0.6931269117167718,0.07950161048180783,0.07950161048180783,0.8368990844578558,0.9894199960351895,0.0002640270834331351,0.005008130718190225,consensus_multiplier_balanced_te_overlay_08_60d_floor75,consensus_multiplier_balanced,0.08,60,0.75,4.958751849439356,0.6931269117167718,0.9312470380643453,0.75
consensus_multiplier_return_focus_te_overlay_10_10d_floor75,441,5.69684726516311,1.9643258380687394,0.5512230215700841,3.5635772839705124,-0.32846281749112416,0.7380954157237545,0.10970232714242137,0.10970232714242137,0.6566032172142278,0.979997220341469,0.00028583690848254595,0.006910597044378523,consensus_multiplier_return_focus_te_overlay_10_10d_floor75,consensus_multiplier_return_focus,0.1,10,0.75,4.958751849439356,0.7380954157237545,0.9055033076179032,0.75
consensus_multiplier_balanced_te_overlay_12_10d_floor25,441,5.653518064423224,1.9533509084412484,0.5481475097836842,3.5635497262627363,-0.33516490394361786,0.6947662149838685,0.0818991981136783,0.0818991981136783,0.8153390159669077,0.9887769375013798,0.00026498258570827494,0.005159164542485785,consensus_multiplier_balanced_te_overlay_12_10d_floor25,consensus_multiplier_balanced,0.12,10,0.25,4.958751849439356,0.6947662149838685,0.9767279455953097,0.5003245404926773
consensus_multiplier_balanced_te_overlay_12_10d_floor50,441,5.653518064423224,1.9533509084412484,0.5481475097836842,3.5635497262627363,-0.33516490394361786,0.6947662149838685,0.0818991981136783,0.0818991981136783,0.8153390159669077,0.9887769375013798,0.00026498258570827494,0.005159164542485785,consensus_multiplier_balanced_te_overlay_12_10d_floor50,consensus_multiplier_balanced,0.12,10,0.5,4.958751849439356,0.6947662149838685,0.9767279455953097,0.5003245404926773
consensus_multiplier_return_focus_te_overlay_08_60d_floor50,441,5.674915824409712,1.958774600672895,0.5497447294378442,3.5630620827886625,-0.3242250785240821,0.7161639749703568,0.09348018795321135,0.09348018795321135,0.7427597569588945,0.9854376313361014,0.0002755290543039644,0.005888698329423173,consensus_multiplier_return_focus_te_overlay_08_60d_floor50,consensus_multiplier_return_focus,0.08,60,0.5,4.958751849439356,0.7161639749703568,0.7230828585815714,0.5
consensus_multiplier_balanced_te_overlay_12_20d_floor25,441,5.6596323441747725,1.9549014573736585,0.5487424304933493,3.562511934089179,-0.33516490394361786,0.7008804947354168,0.08329942714697063,0.08329942714697063,0.8117127084393071,0.9884144607088009,0.00026831430008297726,0.005247370680595878,consensus_multiplier_balanced_te_overlay_12_20d_floor25,consensus_multiplier_balanced,0.12,20,0.25,4.958751849439356,0.7008804947354168,0.9820416498656129,0.6976578296640685
consensus_multiplier_balanced_te_overlay_12_20d_floor50,441,5.6596323441747725,1.9549014573736585,0.5487424304933493,3.562511934089179,-0.33516490394361786,0.7008804947354168,0.08329942714697063,0.08329942714697063,0.8117127084393071,0.9884144607088009,0.00026831430008297726,0.005247370680595878,consensus_multiplier_balanced_te_overlay_12_20d_floor50,consensus_multiplier_balanced,0.12,20,0.5,4.958751849439356,0.7008804947354168,0.9820416498656129,0.6976578296640685
consensus_multiplier_balanced_te_overlay_12_20d_floor75,441,5.656197629641007,1.954030507111967,0.5487447518327719,3.5609096954196495,-0.33516490394361786,0.6974457802016509,0.08336950231860198,0.08336950231860198,0.8074988889950926,0.9883948989037409,0.0002671459543585115,0.00525178500148199,consensus_multiplier_balanced_te_overlay_12_20d_floor75,consensus_multiplier_balanced,0.12,20,0.75,4.958751849439356,0.6974457802016509,0.9835455126448732,0.75
consensus_multiplier_balanced_te_overlay_08_10d_floor75,441,5.622516964566098,1.9454797777011006,0.5465079999815581,3.5598376927085256,-0.33864315090485053,0.6637651151267425,0.0766636977611862,0.0766636977611862,0.8245770992036642,0.9901120150744432,0.0002508536885481959,0.004829359020540902,consensus_multiplier_balanced_te_overlay_08_10d_floor75,consensus_multiplier_balanced,0.08,10,0.75,4.958751849439356,0.6637651151267425,0.9450828806444488,0.75
consensus_multiplier_balanced_te_overlay_10_20d_floor75,441,5.642542051270467,1.9505659167938343,0.5482718348774177,3.5576620805807773,-0.33516490394361786,0.683790201831111,0.08100823495799901,0.08100823495799901,0.8133522221916268,0.989027191096112,0.0002614612219004362,0.0051030391392179585,consensus_multiplier_balanced_te_overlay_10_20d_floor75,consensus_multiplier_balanced,0.1,20,0.75,4.958751849439356,0.683790201831111,0.9707533679653562,0.75
consensus_multiplier_return_focus_te_overlay_10_20d_floor75,441,5.692598566988991,1.9632510262511604,0.5518387827269392,3.557653227179243,-0.32677970751411267,0.7338467175496355,0.10883683937167851,0.10883683937167851,0.6616673507397657,0.9803580925076083,0.00028576898083312673,0.00685607643951773,consensus_multiplier_return_focus_te_overlay_10_20d_floor75,consensus_multiplier_return_focus,0.1,20,0.75,4.958751849439356,0.7338467175496355,0.8970629726041364,0.75
consensus_multiplier_balanced_te_overlay_08_20d_floor75,441,5.627346594797485,1.9467070500469,0.5472061348123758,3.5575387887681127,-0.33576000533152184,0.6685947453581296,0.07629632692235502,0.07629632692235502,0.8393123934767233,0.9902334054591353,0.00025411290778842995,0.004806216832957938,consensus_multiplier_balanced_te_overlay_08_20d_floor75,consensus_multiplier_balanced,0.08,20,0.75,4.958751849439356,0.6685947453581296,0.9396071178669828,0.75
consensus_multiplier_balanced_te_overlay_12_10d_floor75,441,5.63630060527441,1.9489813678750534,0.5481597919826956,3.5554985907039662,-0.33516490394361786,0.6775487558350539,0.08229619641481768,0.08229619641481768,0.7934365662988594,0.9886675773992762,0.0002591143313604343,0.00518417308476507,consensus_multiplier_balanced_te_overlay_12_10d_floor75,consensus_multiplier_balanced,0.12,10,0.75,4.958751849439356,0.6775487558350539,0.983268220150984,0.75
consensus_multiplier_return_focus_te_overlay_06_60d_floor25,441,5.606918613349864,1.9415134097607751,0.546113017713006,3.555149477834058,-0.3278528922253563,0.648166763910508,0.0746441358667675,0.0746441358667675,0.8263432737475991,0.990614896301254,0.0002447685698341478,0.004702138579351989,consensus_multiplier_return_focus_te_overlay_06_60d_floor25,consensus_multiplier_return_focus,0.06,60,0.25,4.958751849439356,0.648166763910508,0.5698144618308117,0.33485326056332526
consensus_multiplier_balanced_te_overlay_06_10d_floor25,441,5.57109149876674,1.932388022108027,0.543636749478314,3.554557384066456,-0.34616498547766295,0.6123396493273843,0.06385110196584344,0.06385110196584344,0.8969684536677279,0.9930806621356123,0.0002272715245844564,0.004022241350929741,consensus_multiplier_balanced_te_overlay_06_10d_floor25,consensus_multiplier_balanced,0.06,10,0.25,4.958751849439356,0.6123396493273843,0.8295415840173439,0.25016227024633864
consensus_multiplier_balanced_te_overlay_08_40d_floor25,441,5.632353018519722,1.9479788434012915,0.5480910504714938,3.5541154005808857,-0.3351582668125679,0.6736011690803663,0.07817512599992878,0.07817512599992878,0.8304825074965408,0.9897796780868592,0.00025763124866777336,0.0049245700501655025,consensus_multiplier_balanced_te_overlay_08_40d_floor25,consensus_multiplier_balanced,0.08,40,0.25,4.958751849439356,0.6736011690803663,0.9235839465595957,0.6167742923187187
consensus_multiplier_balanced_te_overlay_08_40d_floor50,441,5.632353018519722,1.9479788434012915,0.5480910504714938,3.5541154005808857,-0.3351582668125679,0.6736011690803663,0.07817512599992878,0.07817512599992878,0.8304825074965408,0.9897796780868592,0.00025763124866777336,0.0049245700501655025,consensus_multiplier_balanced_te_overlay_08_40d_floor50,consensus_multiplier_balanced,0.08,40,0.5,4.958751849439356,0.6736011690803663,0.9235839465595957,0.6167742923187187
consensus_multiplier_balanced_te_overlay_10_40d_floor25,441,5.639611257997187,1.9498219403002781,0.5486645229052391,3.5537598275459037,-0.33516490394361786,0.680859408557831,0.08309640916439773,0.08309640916439773,0.7924207202044703,0.988467694294487,0.00026129887458911665,0.005234581749796784,consensus_multiplier_balanced_te_overlay_10_40d_floor25,consensus_multiplier_balanced,0.1,40,0.25,4.958751849439356,0.680859408557831,0.9740556080449728,0.7709678653983985
consensus_multiplier_balanced_te_overlay_10_40d_floor50,441,5.639611257997187,1.9498219403002781,0.5486645229052391,3.5537598275459037,-0.33516490394361786,0.680859408557831,0.08309640916439773,0.08309640916439773,0.7924207202044703,0.988467694294487,0.00026129887458911665,0.005234581749796784,consensus_multiplier_balanced_te_overlay_10_40d_floor50,consensus_multiplier_balanced,0.1,40,0.5,4.958751849439356,0.680859408557831,0.9740556080449728,0.7709678653983985
consensus_multiplier_balanced_te_overlay_10_40d_floor75,441,5.639611257997187,1.9498219403002781,0.5486645229052391,3.5537598275459037,-0.33516490394361786,0.680859408557831,0.08309640916439773,0.08309640916439773,0.7924207202044703,0.988467694294487,0.00026129887458911665,0.005234581749796784,consensus_multiplier_balanced_te_overlay_10_40d_floor75,consensus_multiplier_balanced,0.1,40,0.75,4.958751849439356,0.680859408557831,0.9740556080449728,0.7709678653983985
consensus_multiplier_return_focus_te_overlay_08_60d_floor75,441,5.680463188999898,1.9601794748540136,0.5515967717651687,3.553645661451624,-0.32221626589812946,0.7217113395605423,0.10376224823659876,0.10376224823659876,0.682764725871216,0.982148482414013,0.00028113175782953334,0.006536407245499777,consensus_multiplier_return_focus_te_overlay_08_60d_floor75,consensus_multiplier_return_focus,0.08,60,0.75,4.958751849439356,0.7217113395605423,0.8157547369314457,0.75
consensus_multiplier_return_focus_te_overlay_06_60d_floor75,441,5.660785421079167,1.9551938031749594,0.5502216274293561,3.5534659230129773,-0.32221626589812946,0.7020335716398112,0.09959043213446056,0.09959043213446056,0.6871213693181931,0.9834830299876568,0.000271550452774687,0.006273607533077099,consensus_multiplier_return_focus_te_overlay_06_60d_floor75,consensus_multiplier_return_focus,0.06,60,0.75,4.958751849439356,0.7020335716398112,0.7784646419053485,0.75
consensus_multiplier_balanced_te_overlay_08_40d_floor75,441,5.627086986698575,1.9466410899762532,0.5480894985409752,3.5516847068923036,-0.3351582668125679,0.668335137259219,0.07866545503311595,0.07866545503311595,0.8194869471988829,0.9896499285382274,0.00025581473648848883,0.004955457875937121,consensus_multiplier_balanced_te_overlay_08_40d_floor75,consensus_multiplier_balanced,0.08,40,0.75,4.958751849439356,0.668335137259219,0.9361594067605974,0.75
consensus_multiplier_balanced_te_overlay_10_60d_floor25,441,5.633044555622644,1.9481544838195517,0.5486882127050972,3.550567405512362,-0.33516490394361786,0.6742927061832882,0.08355148606458519,0.08355148606458519,0.7814762154847849,0.988341060118808,0.0002591011870154039,0.005263248899923122,consensus_multiplier_balanced_te_overlay_10_60d_floor25,consensus_multiplier_balanced,0.1,60,0.25,4.958751849439356,0.6742927061832882,0.9878357364367735,0.8907957614605582
consensus_multiplier_balanced_te_overlay_10_60d_floor50,441,5.633044555622644,1.9481544838195517,0.5486882127050972,3.550567405512362,-0.33516490394361786,0.6742927061832882,0.08355148606458519,0.08355148606458519,0.7814762154847849,0.988341060118808,0.0002591011870154039,0.005263248899923122,consensus_multiplier_balanced_te_overlay_10_60d_floor50,consensus_multiplier_balanced,0.1,60,0.5,4.958751849439356,0.6742927061832882,0.9878357364367735,0.8907957614605582
consensus_multiplier_balanced_te_overlay_10_60d_floor75,441,5.633044555622644,1.9481544838195517,0.5486882127050972,3.550567405512362,-0.33516490394361786,0.6742927061832882,0.08355148606458519,0.08355148606458519,0.7814762154847849,0.988341060118808,0.0002591011870154039,0.005263248899923122,consensus_multiplier_balanced_te_overlay_10_60d_floor75,consensus_multiplier_balanced,0.1,60,0.75,4.958751849439356,0.6742927061832882,0.9878357364367735,0.8907957614605582
consensus_multiplier_return_focus_te_overlay_10_60d_floor75,441,5.6968269339602085,1.9643206954911396,0.5535923200008707,3.5483163774527258,-0.3205945722559075,0.7380750845208528,0.11152516616445649,0.11152516616445649,0.657473366404411,0.9794999804989737,0.0002909715334799862,0.007025425109435882,consensus_multiplier_return_focus_te_overlay_10_60d_floor75,consensus_multiplier_return_focus,0.1,60,0.75,4.958751849439356,0.7380750845208528,0.8651903117304482,0.75
consensus_multiplier_balanced_te_overlay_12_40d_floor25,441,5.628553381979943,1.947013650627957,0.5487836116790206,3.5478713452666852,-0.33516490394361786,0.6698015325405873,0.08429877189597357,0.08429877189597357,0.7705039100434327,0.9881343292055506,0.0002577481482448693,0.0053103234824977835,consensus_multiplier_balanced_te_overlay_12_40d_floor25,consensus_multiplier_balanced,0.12,40,0.25,4.958751849439356,0.6698015325405873,0.9965720200318551,0.9251614384780781
consensus_multiplier_balanced_te_overlay_12_40d_floor50,441,5.628553381979943,1.947013650627957,0.5487836116790206,3.5478713452666852,-0.33516490394361786,0.6698015325405873,0.08429877189597357,0.08429877189597357,0.7705039100434327,0.9881343292055506,0.0002577481482448693,0.0053103234824977835,consensus_multiplier_balanced_te_overlay_12_40d_floor50,consensus_multiplier_balanced,0.12,40,0.5,4.958751849439356,0.6698015325405873,0.9965720200318551,0.9251614384780781
consensus_multiplier_balanced_te_overlay_12_40d_floor75,441,5.628553381979943,1.947013650627957,0.5487836116790206,3.5478713452666852,-0.33516490394361786,0.6698015325405873,0.08429877189597357,0.08429877189597357,0.7705039100434327,0.9881343292055506,0.0002577481482448693,0.0053103234824977835,consensus_multiplier_balanced_te_overlay_12_40d_floor75,consensus_multiplier_balanced,0.12,40,0.75,4.958751849439356,0.6698015325405873,0.9965720200318551,0.9251614384780781
consensus_multiplier_balanced_te_overlay_06_10d_floor50,441,5.557618011643276,1.9289507267769195,0.5438553010715463,3.5468087246301536,-0.34616498547766295,0.5988661622039206,0.06467697495728161,0.06467697495728161,0.8690466109365123,0.992905106142427,0.00022304486465179072,0.0040742664592599885,consensus_multiplier_balanced_te_overlay_06_10d_floor50,consensus_multiplier_balanced,0.06,10,0.5,4.958751849439356,0.5988661622039206,0.8411776112196891,0.5
consensus_multiplier_balanced_te_overlay_12_60d_floor25,441,5.625068270985068,1.9461281458795323,0.5487736555307468,3.5463221061465378,-0.33516490394361786,0.6663164215457122,0.08444679193659327,0.08444679193659327,0.7655160546650562,0.9880917845906264,0.0002565292658429435,0.005319647868605722,consensus_multiplier_balanced_te_overlay_12_60d_floor25,consensus_multiplier_balanced,0.12,60,0.25,4.958751849439356,0.6663164215457122,1.0,1.0
consensus_multiplier_balanced_te_overlay_12_60d_floor50,441,5.625068270985068,1.9461281458795323,0.5487736555307468,3.5463221061465378,-0.33516490394361786,0.6663164215457122,0.08444679193659327,0.08444679193659327,0.7655160546650562,0.9880917845906264,0.0002565292658429435,0.005319647868605722,consensus_multiplier_balanced_te_overlay_12_60d_floor50,consensus_multiplier_balanced,0.12,60,0.5,4.958751849439356,0.6663164215457122,1.0,1.0
consensus_multiplier_balanced_te_overlay_12_60d_floor75,441,5.625068270985068,1.9461281458795323,0.5487736555307468,3.5463221061465378,-0.33516490394361786,0.6663164215457122,0.08444679193659327,0.08444679193659327,0.7655160546650562,0.9880917845906264,0.0002565292658429435,0.005319647868605722,consensus_multiplier_balanced_te_overlay_12_60d_floor75,consensus_multiplier_balanced,0.12,60,0.75,4.958751849439356,0.6663164215457122,1.0,1.0
consensus_multiplier_balanced_te_overlay_06_20d_floor25,441,5.566729354158965,1.9312755023663284,0.545039047943441,3.5433709009537564,-0.3429031465685921,0.6079775047196092,0.06382335937339657,0.06382335937339657,0.9033813776819717,0.993120446507331,0.00022879696158345468,0.00402049373187406,consensus_multiplier_balanced_te_overlay_06_20d_floor25,consensus_multiplier_balanced,0.06,20,0.25,4.958751849439356,0.6079775047196092,0.8200193736136818,0.34882891483203426
consensus_multiplier_return_focus_te_overlay_08_10d_floor75,441,5.647744213867376,1.9518861298409793,0.5510117509680437,3.5423675201333054,-0.3326231464388646,0.68899236442802,0.10516402801993262,0.10516402801993262,0.6440276505872163,0.9816180152602627,0.0002687640551268468,0.006624711071680239,consensus_multiplier_return_focus_te_overlay_08_10d_floor75,consensus_multiplier_return_focus,0.08,10,0.75,4.958751849439356,0.68899236442802,0.8705794890221233,0.75
consensus_multiplier_return_focus_te_overlay_10_40d_floor25,441,5.651846144083079,1.952926811996897,0.5520071908613621,3.537864803807201,-0.3222962039023394,0.6930942946437231,0.10619296118124735,0.10619296118124735,0.645880560755942,0.9813221433016257,0.000272174481413008,0.006689527768359913,consensus_multiplier_return_focus_te_overlay_10_40d_floor25,consensus_multiplier_return_focus,0.1,40,0.25,4.958751849439356,0.6930942946437231,0.8408578574667184,0.540212104523947
consensus_multiplier_return_focus_te_overlay_10_40d_floor50,441,5.651846144083079,1.952926811996897,0.5520071908613621,3.537864803807201,-0.3222962039023394,0.6930942946437231,0.10619296118124735,0.10619296118124735,0.645880560755942,0.9813221433016257,0.000272174481413008,0.006689527768359913,consensus_multiplier_return_focus_te_overlay_10_40d_floor50,consensus_multiplier_return_focus,0.1,40,0.5,4.958751849439356,0.6930942946437231,0.8408578574667184,0.540212104523947
consensus_multiplier_return_focus_te_overlay_06_60d_floor50,441,5.576480407267087,1.93376197039193,0.5467270182360011,3.5369789783412515,-0.3279704659307392,0.6177285578277312,0.07808613485234765,0.07808613485234765,0.759916631202706,0.9897480321567088,0.00023547203389141368,0.0049189641347991715,consensus_multiplier_return_focus_te_overlay_06_60d_floor50,consensus_multiplier_return_focus,0.06,60,0.5,4.958751849439356,0.6177285578277312,0.604586817962464,0.5
consensus_multiplier_balanced_te_overlay_06_20d_floor50,441,5.549933833703196,1.9269890185511307,0.5450108842490846,3.535689055469294,-0.3429031465685921,0.5911819842638399,0.06420139742132958,0.06420139742132958,0.8749329806040073,0.9930376289016621,0.00022290444446343774,0.004044307890468132,consensus_multiplier_balanced_te_overlay_06_20d_floor50,consensus_multiplier_balanced,0.06,20,0.5,4.958751849439356,0.5911819842638399,0.8289985486808754,0.5
consensus_multiplier_return_focus_te_overlay_06_20d_floor75,441,5.618791443328829,1.9445328118357903,0.5500768183142231,3.53502046822305,-0.33249738231572834,0.660039593889473,0.09899990489431332,0.09899990489431332,0.6540440382964569,0.9836712638818548,0.0002569456253493724,0.006236407813557125,consensus_multiplier_return_focus_te_overlay_06_20d_floor75,consensus_multiplier_return_focus,0.06,20,0.75,4.958751849439356,0.660039593889473,0.79339293357243,0.75
consensus_multiplier_return_focus_te_overlay_06_20d_floor50,441,5.553635617592125,1.9279341769709673,0.5455684251753817,3.5338082044451196,-0.34662375087444475,0.5948837681527692,0.07712025032442633,0.07712025032442633,0.7360132447952993,0.9899599355007764,0.00022524414952661414,0.004858119128701914,consensus_multiplier_return_focus_te_overlay_06_20d_floor50,consensus_multiplier_return_focus,0.06,20,0.5,4.958751849439356,0.5948837681527692,0.6579147971089231,0.5
consensus_multiplier_return_focus_te_overlay_06_10d_floor25,441,5.524032304816696,1.9203692914637536,0.5435510174650101,3.533006525164628,-0.3525101038429397,0.5652804553773407,0.0721746885844437,0.0721746885844437,0.7353930513547733,0.991153584518073,0.00021062208122497847,0.004546578022570726,consensus_multiplier_return_focus_te_overlay_06_10d_floor25,consensus_multiplier_return_focus,0.06,10,0.25,4.958751849439356,0.5652804553773407,0.6481043242128595,0.25
revision_momentum_proxy_balanced_te_overlay_12_10d_floor75,441,5.667141681081086,1.9568049508625975,0.5542330326726458,3.5306537782968483,-0.3438546991703745,0.7083898316417301,0.09014585743642411,0.09014585743642411,0.7898291635072163,0.9867414114591853,0.00028253899671687156,0.005678655249987161,revision_momentum_proxy_balanced_te_overlay_12_10d_floor75,revision_momentum_proxy_balanced,0.12,10,0.75,4.958751849439356,0.7083898316417301,0.9721202875769943,0.75
revision_momentum_proxy_balanced_te_overlay_10_10d_floor75,441,5.656766737033417,1.9541748305910458,0.5535743694127517,3.530103520985072,-0.3440644566563107,0.698014887594061,0.0880338902161382,0.0880338902161382,0.7947295315088846,0.9873254974230847,0.0002776314774935559,0.005545613820415806,revision_momentum_proxy_balanced_te_overlay_10_10d_floor75,revision_momentum_proxy_balanced,0.1,10,0.75,4.958751849439356,0.698014887594061,0.9545288481776918,0.75
consensus_multiplier_balanced_te_overlay_06_60d_floor25,441,5.55612140440548,1.928568732387431,0.5463471662708212,3.5299327084483316,-0.33804636140243216,0.5973695549661242,0.06771212694172789,0.06771212694172789,0.8479773084082545,0.9922924646662881,0.00022785058393112883,0.004265463062644013,consensus_multiplier_balanced_te_overlay_06_60d_floor25,consensus_multiplier_balanced,0.06,60,0.25,4.958751849439356,0.5973695549661242,0.7948869749398229,0.5344774568763349
consensus_multiplier_balanced_te_overlay_06_60d_floor50,441,5.55612140440548,1.928568732387431,0.5463471662708212,3.5299327084483316,-0.33804636140243216,0.5973695549661242,0.06771212694172789,0.06771212694172789,0.8479773084082545,0.9922924646662881,0.00022785058393112883,0.004265463062644013,consensus_multiplier_balanced_te_overlay_06_60d_floor50,consensus_multiplier_balanced,0.06,60,0.5,4.958751849439356,0.5973695549661242,0.7948869749398229,0.5344774568763349
revision_momentum_proxy_balanced_te_overlay_12_10d_floor25,441,5.664353656533282,1.9560983397557021,0.5541550333457615,3.5298756161169917,-0.34385469917037437,0.7056018070939265,0.08988196633415611,0.08988196633415611,0.7890107225951967,0.9868153429369202,0.00028141998097456214,0.005662031673087069,revision_momentum_proxy_balanced_te_overlay_12_10d_floor25,revision_momentum_proxy_balanced,0.12,10,0.25,4.958751849439356,0.7056018070939265,0.9670306243887038,0.6274861048742195
revision_momentum_proxy_balanced_te_overlay_12_10d_floor50,441,5.664353656533282,1.9560983397557021,0.5541550333457615,3.5298756161169917,-0.34385469917037437,0.7056018070939265,0.08988196633415611,0.08988196633415611,0.7890107225951967,0.9868153429369202,0.00028141998097456214,0.005662031673087069,revision_momentum_proxy_balanced_te_overlay_12_10d_floor50,revision_momentum_proxy_balanced,0.12,10,0.5,4.958751849439356,0.7056018070939265,0.9670306243887038,0.6274861048742195
consensus_multiplier_balanced_te_overlay_06_20d_floor75,441,5.549243801074586,1.9268128105749551,0.5460131026229513,3.528876507393108,-0.3424598854574413,0.5904919516352303,0.07030715219918128,0.07030715219918128,0.8052950815272636,0.9916755937495595,0.00022467461850075166,0.004428934288290514,consensus_multiplier_balanced_te_overlay_06_20d_floor75,consensus_multiplier_balanced,0.06,20,0.75,4.958751849439356,0.5904919516352303,0.8816118464640326,0.75
revision_momentum_proxy_balanced_te_overlay_10_10d_floor25,441,5.650989733880342,1.9527095587610277,0.5533782470813842,3.528706755388321,-0.3440644566563107,0.6922378844409867,0.08725239401069056,0.08725239401069056,0.7949185654610712,0.987541610885901,0.00027523233285723134,0.005496384186840684,revision_momentum_proxy_balanced_te_overlay_10_10d_floor25,revision_momentum_proxy_balanced,0.1,10,0.25,4.958751849439356,0.6922378844409867,0.9390944183989329,0.5229050873951829
revision_momentum_proxy_balanced_te_overlay_10_10d_floor50,441,5.650989733880342,1.9527095587610277,0.5533782470813842,3.528706755388321,-0.3440644566563107,0.6922378844409867,0.08725239401069056,0.08725239401069056,0.7949185654610712,0.987541610885901,0.00027523233285723134,0.005496384186840684,revision_momentum_proxy_balanced_te_overlay_10_10d_floor50,revision_momentum_proxy_balanced,0.1,10,0.5,4.958751849439356,0.6922378844409867,0.9390944183989329,0.5229050873951829
consensus_multiplier_balanced_te_overlay_06_10d_floor75,441,5.5416499994655295,1.924873117836622,0.5457274295498592,3.5271694505521647,-0.3435787268479288,0.5828981500261738,0.07079828725313313,0.07079828725313313,0.7881776371041396,0.9915491325365637,0.0002214350268182325,0.004459872888597725,consensus_multiplier_balanced_te_overlay_06_10d_floor75,consensus_multiplier_balanced,0.06,10,0.75,4.958751849439356,0.5828981500261738,0.889846060838448,0.75
revision_momentum_proxy_balanced_te_overlay_10_60d_floor25,441,5.658366940372318,1.9545806077612058,0.5541960953822579,3.5268754580687363,-0.34416072241609097,0.6996150909329621,0.08983579732671025,0.08983579732671025,0.7841229316599858,0.9868319650975165,0.00027953297130092205,0.005659123298992297,revision_momentum_proxy_balanced_te_overlay_10_60d_floor25,revision_momentum_proxy_balanced,0.1,60,0.25,4.958751849439356,0.6996150909329621,0.9639939075523427,0.7776572766018929
revision_momentum_proxy_balanced_te_overlay_10_60d_floor50,441,5.658366940372318,1.9545806077612058,0.5541960953822579,3.5268754580687363,-0.34416072241609097,0.6996150909329621,0.08983579732671025,0.08983579732671025,0.7841229316599858,0.9868319650975165,0.00027953297130092205,0.005659123298992297,revision_momentum_proxy_balanced_te_overlay_10_60d_floor50,revision_momentum_proxy_balanced,0.1,60,0.5,4.958751849439356,0.6996150909329621,0.9639939075523427,0.7776572766018929
revision_momentum_proxy_balanced_te_overlay_10_60d_floor75,441,5.658366940372318,1.9545806077612058,0.5541960953822579,3.5268754580687363,-0.34416072241609097,0.6996150909329621,0.08983579732671025,0.08983579732671025,0.7841229316599858,0.9868319650975165,0.00027953297130092205,0.005659123298992297,revision_momentum_proxy_balanced_te_overlay_10_60d_floor75,revision_momentum_proxy_balanced,0.1,60,0.75,4.958751849439356,0.6996150909329621,0.9639939075523427,0.7776572766018929
revision_momentum_proxy_balanced_te_overlay_12_40d_floor25,441,5.65811850301469,1.9545176121283943,0.5545143723571283,3.524737517298489,-0.3448411329688188,0.6993666535753347,0.09152920330899532,0.09152920330899532,0.7711223622960287,0.9863418079693949,0.00028008022013772206,0.005765797848939805,revision_momentum_proxy_balanced_te_overlay_12_40d_floor25,revision_momentum_proxy_balanced,0.12,40,0.25,4.958751849439356,0.6993666535753347,0.9905421242648847,0.8164937651278251
revision_momentum_proxy_balanced_te_overlay_12_40d_floor50,441,5.65811850301469,1.9545176121283943,0.5545143723571283,3.524737517298489,-0.3448411329688188,0.6993666535753347,0.09152920330899532,0.09152920330899532,0.7711223622960287,0.9863418079693949,0.00028008022013772206,0.005765797848939805,revision_momentum_proxy_balanced_te_overlay_12_40d_floor50,revision_momentum_proxy_balanced,0.12,40,0.5,4.958751849439356,0.6993666535753347,0.9905421242648847,0.8164937651278251
revision_momentum_proxy_balanced_te_overlay_12_40d_floor75,441,5.65811850301469,1.9545176121283943,0.5545143723571283,3.524737517298489,-0.3448411329688188,0.6993666535753347,0.09152920330899532,0.09152920330899532,0.7711223622960287,0.9863418079693949,0.00028008022013772206,0.005765797848939805,revision_momentum_proxy_balanced_te_overlay_12_40d_floor75,revision_momentum_proxy_balanced,0.12,40,0.75,4.958751849439356,0.6993666535753347,0.9905421242648847,0.8164937651278251
consensus_multiplier_return_focus_te_overlay_06_40d_floor75,441,5.587217760398697,1.9364981126912393,0.549550002654544,3.523788742311322,-0.32696606981157017,0.6284659109593411,0.09844577200703918,0.09844577200703918,0.6267257170051861,0.9838239665514725,0.0002448353057430187,0.006201500722771183,consensus_multiplier_return_focus_te_overlay_06_40d_floor75,consensus_multiplier_return_focus,0.06,40,0.75,4.958751849439356,0.6284659109593411,0.7785703645406103,0.75
revision_momentum_proxy_balanced_te_overlay_12_60d_floor25,441,5.650048027462073,1.9524706538311687,0.5545690122559972,3.520699156789308,-0.3453874194836959,0.6912961780227169,0.0920422768078271,0.0920422768078271,0.7595727926002117,0.9861886530030427,0.0002774317826674719,0.005798118441373298,revision_momentum_proxy_balanced_te_overlay_12_60d_floor25,revision_momentum_proxy_balanced,0.12,60,0.25,4.958751849439356,0.6912961780227169,0.9972207767452325,0.9331887319222713
revision_momentum_proxy_balanced_te_overlay_12_60d_floor50,441,5.650048027462073,1.9524706538311687,0.5545690122559972,3.520699156789308,-0.3453874194836959,0.6912961780227169,0.0920422768078271,0.0920422768078271,0.7595727926002117,0.9861886530030427,0.0002774317826674719,0.005798118441373298,revision_momentum_proxy_balanced_te_overlay_12_60d_floor50,revision_momentum_proxy_balanced,0.12,60,0.5,4.958751849439356,0.6912961780227169,0.9972207767452325,0.9331887319222713
revision_momentum_proxy_balanced_te_overlay_12_60d_floor75,441,5.650048027462073,1.9524706538311687,0.5545690122559972,3.520699156789308,-0.3453874194836959,0.6912961780227169,0.0920422768078271,0.0920422768078271,0.7595727926002117,0.9861886530030427,0.0002774317826674719,0.005798118441373298,revision_momentum_proxy_balanced_te_overlay_12_60d_floor75,revision_momentum_proxy_balanced,0.12,60,0.75,4.958751849439356,0.6912961780227169,0.9972207767452325,0.9331887319222713
revision_momentum_proxy_balanced_te_overlay_08_10d_floor50,441,5.605075913673032,1.9410445808932537,0.5519188682920143,3.516902016595432,-0.34665677907958903,0.646324064233676,0.08211143225044952,0.08211143225044952,0.7869600018908629,0.9889097030907601,0.00025642227332966356,0.0051725340364290025,revision_momentum_proxy_balanced_te_overlay_08_10d_floor50,revision_momentum_proxy_balanced,0.08,10,0.5,4.958751849439356,0.646324064233676,0.8838193994512134,0.5
consensus_multiplier_balanced_te_overlay_06_60d_floor75,441,5.535104821491475,1.9232005016858644,0.5468494378683159,3.5168738751615596,-0.33804148278597645,0.5763529720521197,0.07105687845206837,0.07105687845206837,0.7856713721072742,0.9915246112069188,0.0002215371237741919,0.004476162602969456,consensus_multiplier_balanced_te_overlay_06_60d_floor75,consensus_multiplier_balanced,0.06,60,0.75,4.958751849439356,0.5763529720521197,0.8478381529934355,0.75
revision_momentum_proxy_balanced_te_overlay_08_10d_floor25,441,5.603173013847405,1.9405603767671846,0.5518762401295518,3.5162962919216127,-0.34665677907958903,0.6444211644080493,0.08198291531671767,0.08198291531671767,0.7859005499555444,0.9889426059263994,0.00025567626283479064,0.005164438230573882,revision_momentum_proxy_balanced_te_overlay_08_10d_floor25,revision_momentum_proxy_balanced,0.08,10,0.25,4.958751849439356,0.6444211644080493,0.8804262906590195,0.41832406991614635
revision_momentum_proxy_balanced_te_overlay_08_10d_floor75,441,5.601472093298319,1.9401275168439378,0.5523927666159439,3.5122246960790293,-0.34651458300960525,0.642720243858963,0.08432611805266968,0.08432611805266968,0.7655578509216407,0.9883201979448731,0.0002561766734641523,0.0053120461284485295,revision_momentum_proxy_balanced_te_overlay_08_10d_floor75,revision_momentum_proxy_balanced,0.08,10,0.75,4.958751849439356,0.642720243858963,0.9177649137336646,0.75
consensus_multiplier_return_focus_te_overlay_06_10d_floor75,441,5.57376121205038,1.9330687486618259,0.5503855095551705,3.5122086521212372,-0.33350193323892907,0.6150093626110245,0.09966715707226098,0.09966715707226098,0.6118391987994497,0.9834674076382327,0.00024198521241948834,0.006278440749857499,consensus_multiplier_return_focus_te_overlay_06_10d_floor75,consensus_multiplier_return_focus,0.06,10,0.75,4.958751849439356,0.6150093626110245,0.8133400568457172,0.75
revision_momentum_proxy_return_focus_te_overlay_12_10d_floor50,441,5.70529883851918,1.9664630011777038,0.5599583067778087,3.5118025348947914,-0.33848549615948087,0.7465469890798246,0.12396322189177025,0.12396322189177025,0.6247539814689647,0.9752304529001565,0.0003073274461611277,0.007808948972474807,revision_momentum_proxy_return_focus_te_overlay_12_10d_floor50,revision_momentum_proxy_return_focus,0.12,10,0.5,4.958751849439356,0.7465469890798246,0.8864534045089241,0.5
revision_momentum_proxy_return_focus_te_overlay_12_10d_floor25,441,5.69787078293877,1.964584718166349,0.5598428296985157,3.509171885302718,-0.3383773386405854,0.7391189334994142,0.12377354572462526,0.12377354572462526,0.620054767848841,0.9752957050825508,0.00030454911571472387,0.0077970004970485795,revision_momentum_proxy_return_focus_te_overlay_12_10d_floor25,revision_momentum_proxy_return_focus,0.12,10,0.25,4.958751849439356,0.7391189334994142,0.8828640840397329,0.42874281095464695
consensus_multiplier_return_focus_te_overlay_10_40d_floor75,441,5.593544737832458,1.9381094875652143,0.5524450825887278,3.50823918729322,-0.3222962039023394,0.6347928883931022,0.1096279237130496,0.1096279237130496,0.5816539605433974,0.980113158115588,0.0002530377619597013,0.006905910068883092,consensus_multiplier_return_focus_te_overlay_10_40d_floor75,consensus_multiplier_return_focus,0.1,40,0.75,4.958751849439356,0.6347928883931022,0.8748790023905941,0.75
revision_momentum_proxy_return_focus_te_overlay_06_20d_floor75,441,5.632853374596706,1.9481059273901007,0.5563317710956338,3.501698138780609,-0.34661444997385804,0.6741015251573508,0.10557894464979511,0.10557894464979511,0.6568809275574655,0.9818728972464267,0.0002752095043337132,0.006650848362571697,revision_momentum_proxy_return_focus_te_overlay_06_20d_floor75,revision_momentum_proxy_return_focus,0.06,20,0.75,4.958751849439356,0.6741015251573508,0.7784771908694365,0.75
revision_momentum_proxy_return_focus_te_overlay_08_20d_floor75,441,5.634432519712603,1.9485069829351445,0.5572830437605047,3.4964404619002285,-0.3466144499738578,0.6756806702732474,0.1091096950126441,0.1091096950126441,0.6415588049169991,0.9806966264677159,0.00027777891086178656,0.006873264729275255,revision_momentum_proxy_return_focus_te_overlay_08_20d_floor75,revision_momentum_proxy_return_focus,0.08,20,0.75,4.958751849439356,0.6756806702732474,0.8146372851518708,0.75
consensus_multiplier_return_focus_te_overlay_06_10d_floor50,441,5.4732043295101365,1.907346215639084,0.5457999646307682,3.494588382630983,-0.3482975013702486,0.5144524800707808,0.07893369032356695,0.07893369032356695,0.6306415381930993,0.9894886653635849,0.00019753517413060326,0.004972355110970087,consensus_multiplier_return_focus_te_overlay_06_10d_floor50,consensus_multiplier_return_focus,0.06,10,0.5,4.958751849439356,0.5144524800707808,0.6917218699604785,0.5
revision_momentum_proxy_return_focus_te_overlay_06_60d_floor75,441,5.601468788401438,1.9401266757484832,0.5563514412314372,3.4872322276260768,-0.3466144499738578,0.6427169389620824,0.10533816776074587,0.10533816776074587,0.632686695232411,0.9819589081209867,0.00026446848112056983,0.006635680844241313,revision_momentum_proxy_return_focus_te_overlay_06_60d_floor75,revision_momentum_proxy_return_focus,0.06,60,0.75,4.958751849439356,0.6427169389620824,0.7675339366515838,0.75
revision_momentum_proxy_balanced_te_overlay_10_40d_floor25,441,5.560995567967435,1.9298126777777704,0.5535416458856794,3.4863007907743335,-0.3451731770411637,0.6022437185280793,0.087452635316475,0.087452635316475,0.7050347891006137,0.9874936873407612,0.00024467123133588823,0.005508998203443268,revision_momentum_proxy_balanced_te_overlay_10_40d_floor25,revision_momentum_proxy_balanced,0.1,40,0.25,4.958751849439356,0.6022437185280793,0.9521268514279847,0.6804114709398543
revision_momentum_proxy_balanced_te_overlay_10_40d_floor50,441,5.560995567967435,1.9298126777777704,0.5535416458856794,3.4863007907743335,-0.3451731770411637,0.6022437185280793,0.087452635316475,0.087452635316475,0.7050347891006137,0.9874936873407612,0.00024467123133588823,0.005508998203443268,revision_momentum_proxy_balanced_te_overlay_10_40d_floor50,revision_momentum_proxy_balanced,0.1,40,0.5,4.958751849439356,0.6022437185280793,0.9521268514279847,0.6804114709398543
revision_momentum_proxy_balanced_te_overlay_12_20d_floor25,441,5.5627992694696395,1.9302729037736914,0.5537235266117184,3.4859867984753987,-0.3457784254969283,0.6040474200302839,0.08967848092993866,0.08967848092993866,0.6901991706518656,0.9868473862098487,0.00024561909985382067,0.005649213297492049,revision_momentum_proxy_balanced_te_overlay_12_20d_floor25,revision_momentum_proxy_balanced,0.12,20,0.25,4.958751849439356,0.6040474200302839,0.9808143470959954,0.6833121808644003
revision_momentum_proxy_balanced_te_overlay_12_20d_floor50,441,5.5627992694696395,1.9302729037736914,0.5537235266117184,3.4859867984753987,-0.3457784254969283,0.6040474200302839,0.08967848092993866,0.08967848092993866,0.6901991706518656,0.9868473862098487,0.00024561909985382067,0.005649213297492049,revision_momentum_proxy_balanced_te_overlay_12_20d_floor50,revision_momentum_proxy_balanced,0.12,20,0.5,4.958751849439356,0.6040474200302839,0.9808143470959954,0.6833121808644003
revision_momentum_proxy_return_focus_te_overlay_12_10d_floor75,441,5.660427394525296,1.955103033095333,0.560874986073023,3.4858089264847134,-0.3430253679430951,0.7016755450859407,0.1272374960046432,0.1272374960046432,0.5823772252991473,0.9739742847037084,0.00029404849157617244,0.008015208854068104,revision_momentum_proxy_return_focus_te_overlay_12_10d_floor75,revision_momentum_proxy_return_focus,0.12,10,0.75,4.958751849439356,0.7016755450859407,0.9211742376673346,0.75
revision_momentum_proxy_balanced_te_overlay_12_20d_floor75,441,5.559062956416828,1.9293194993776366,0.5537241310313394,3.4842611893835667,-0.3457784254969283,0.6003111069774727,0.08969512115205218,0.08969512115205218,0.6864299389159496,0.9868424441652259,0.0002443230814819916,0.005650261532955698,revision_momentum_proxy_balanced_te_overlay_12_20d_floor75,revision_momentum_proxy_balanced,0.12,20,0.75,4.958751849439356,0.6003111069774727,0.9810396901071053,0.75
revision_momentum_proxy_balanced_te_overlay_10_40d_floor75,441,5.555983572165105,1.9285335501741283,0.5535514342842245,3.4839283772570093,-0.3452793611208682,0.5972317227257493,0.08753963615828775,0.08753963615828775,0.6993780585944014,0.9874688993731892,0.0002429496062954109,0.00551447874133112,revision_momentum_proxy_balanced_te_overlay_10_40d_floor75,revision_momentum_proxy_balanced,0.1,40,0.75,4.958751849439356,0.5972317227257493,0.9537523636179561,0.75
consensus_multiplier_balanced_te_overlay_06_40d_floor25,441,5.44764375256226,1.900780560732346,0.5456360650076955,3.483605066878301,-0.33957485454364367,0.4888919031229042,0.06619839521444168,0.06619839521444168,0.7168992805296392,0.9926137040596629,0.00018832373770416648,0.004170106926880499,consensus_multiplier_balanced_te_overlay_06_40d_floor25,consensus_multiplier_balanced,0.06,40,0.25,4.958751849439356,0.4888919031229042,0.8064872895499047,0.46258071923903904
revision_momentum_proxy_balanced_te_overlay_06_20d_floor75,441,5.517468784341625,1.9186900462193286,0.5507959855584991,3.483485894098892,-0.34712688414094117,0.5587169349022689,0.07405409608283012,0.07405409608283012,0.7616366683104626,0.9909594073698421,0.00022381871037805402,0.004664969566686927,revision_momentum_proxy_balanced_te_overlay_06_20d_floor75,revision_momentum_proxy_balanced,0.06,20,0.75,4.958751849439356,0.5587169349022689,0.8323196736075757,0.75
consensus_multiplier_balanced_te_overlay_06_40d_floor50,441,5.445983985832556,1.9003538369894661,0.5456253527708327,3.4828913783770434,-0.33957485454364367,0.4872321363932004,0.06624568108362362,0.06624568108362362,0.7140692335715325,0.9926027815929298,0.00018771429650320354,0.004173085656651522,consensus_multiplier_balanced_te_overlay_06_40d_floor50,consensus_multiplier_balanced,0.06,40,0.5,4.958751849439356,0.4872321363932004,0.8082012795339772,0.5
consensus_multiplier_balanced_te_overlay_06_40d_floor75,441,5.443393153767909,1.899687643495731,0.5459752963736882,3.479438824637783,-0.339579733792014,0.48464130432855335,0.07039833131158253,0.07039833131158253,0.671170839809142,0.9916526571818718,0.00018749725058554392,0.004434678032485212,consensus_multiplier_balanced_te_overlay_06_40d_floor75,consensus_multiplier_balanced,0.06,40,0.75,4.958751849439356,0.48464130432855335,0.8637993296302081,0.75
revision_momentum_proxy_return_focus_te_overlay_06_20d_floor50,441,5.4959954896710075,1.9131911358155071,0.5502999579055377,3.4766332585181083,-0.3454826243657195,0.5372436402316518,0.07840998779990349,0.07840998779990349,0.6918849010028163,0.9898199032449175,0.00021528050256574706,0.00493936495290841,revision_momentum_proxy_return_focus_te_overlay_06_20d_floor50,revision_momentum_proxy_return_focus,0.06,20,0.5,4.958751849439356,0.5372436402316518,0.6033164185785952,0.5
revision_momentum_proxy_balanced_te_overlay_08_60d_floor25,441,5.504833230435279,1.915455258348044,0.5516713380598689,3.4720949344302774,-0.34400647152010777,0.5460813809959237,0.08111725200983358,0.08111725200983358,0.6874483642202347,0.989167631892046,0.00022128540557222478,0.005109906567975571,revision_momentum_proxy_balanced_te_overlay_08_60d_floor25,revision_momentum_proxy_balanced,0.08,60,0.25,4.958751849439356,0.5460813809959237,0.8730515979245594,0.6221258212815143
revision_momentum_proxy_balanced_te_overlay_08_60d_floor50,441,5.504833230435279,1.915455258348044,0.5516713380598689,3.4720949344302774,-0.34400647152010777,0.5460813809959237,0.08111725200983358,0.08111725200983358,0.6874483642202347,0.989167631892046,0.00022128540557222478,0.005109906567975571,revision_momentum_proxy_balanced_te_overlay_08_60d_floor50,revision_momentum_proxy_balanced,0.08,60,0.5,4.958751849439356,0.5460813809959237,0.8730515979245594,0.6221258212815143
revision_momentum_proxy_return_focus_te_overlay_06_40d_floor75,441,5.563020773431889,1.9303294181914605,0.5561964609301514,3.470589178081585,-0.34661444997385793,0.6042689239925334,0.10498661069168702,0.10498661069168702,0.6020595445059255,0.9820688735360825,0.0002508261548105477,0.006613534830518064,revision_momentum_proxy_return_focus_te_overlay_06_40d_floor75,revision_momentum_proxy_return_focus,0.06,40,0.75,4.958751849439356,0.6042689239925334,0.7674529577774688,0.75
consensus_multiplier_return_focus_te_overlay_08_40d_floor25,441,5.45138446463335,1.9017421200808133,0.548232008036102,3.4688637150050905,-0.32961388094039457,0.49263261519399393,0.09107769594801136,0.09107769594801136,0.5386267703767637,0.9861041117828394,0.0001946701794517231,0.005737355558647458,consensus_multiplier_return_focus_te_overlay_08_40d_floor25,consensus_multiplier_return_focus,0.08,40,0.25,4.958751849439356,0.49263261519399393,0.7398028595645589,0.43216968361915753
revision_momentum_proxy_return_focus_te_overlay_10_10d_floor25,441,5.565534152333544,1.9309706232621728,0.5567930535647592,3.4680221150380905,-0.33948940935385463,0.6067823028941888,0.11354369606283857,0.11354369606283857,0.561091269750901,0.9790147335303905,0.0002528110182385257,0.007152580540985108,revision_momentum_proxy_return_focus_te_overlay_10_10d_floor25,revision_momentum_proxy_return_focus,0.1,10,0.25,4.958751849439356,0.6067823028941888,0.8148204018405549,0.35728567579553916
consensus_multiplier_return_focus_te_overlay_08_40d_floor75,441,5.477704429770127,1.9085009893736173,0.5503813245852375,3.467597652976047,-0.3268064781006407,0.5189525803307715,0.10333614074936456,0.10333614074936456,0.508083809493277,0.9822163869330025,0.00020834690496139132,0.006509564996856817,consensus_multiplier_return_focus_te_overlay_08_40d_floor75,consensus_multiplier_return_focus,0.08,40,0.75,4.958751849439356,0.5189525803307715,0.8383247195721055,0.75
revision_momentum_proxy_return_focus_te_overlay_08_60d_floor75,441,5.554336471028821,1.9281130966971611,0.556413239258187,3.465253808963517,-0.34661444997385815,0.5955846215894658,0.10726142191872505,0.10726142191872505,0.5833436306627003,0.981284884046257,0.00024829471147663816,0.0067568344682885475,revision_momentum_proxy_return_focus_te_overlay_08_60d_floor75,revision_momentum_proxy_return_focus,0.08,60,0.75,4.958751849439356,0.5955846215894658,0.7868696015244051,0.75
revision_momentum_proxy_balanced_te_overlay_06_10d_floor75,441,5.477394331926425,1.9084214259906083,0.5508872646736208,3.4642685507011555,-0.34896331511903167,0.5186424824870697,0.07683321045333337,0.07683321045333337,0.6886197252314424,0.9902603904630859,0.00020995581059930166,0.004840037316433532,revision_momentum_proxy_balanced_te_overlay_06_10d_floor75,revision_momentum_proxy_balanced,0.06,10,0.75,4.958751849439356,0.5186424824870697,0.8533197904993853,0.75
revision_momentum_proxy_balanced_te_overlay_08_40d_floor75,441,5.488208033116674,1.911194989058687,0.5517300310524358,3.4640039176643063,-0.3448785919950582,0.5294561836773184,0.08124391065601143,0.08124391065601143,0.6685428553906628,0.9891364433508152,0.00021553585719473722,0.005117885312718016,revision_momentum_proxy_balanced_te_overlay_08_40d_floor75,revision_momentum_proxy_balanced,0.08,40,0.75,4.958751849439356,0.5294561836773184,0.8996262612050925,0.75
revision_momentum_proxy_return_focus_te_overlay_06_10d_floor75,441,5.5546833450032675,1.928201646552775,0.5566998520296528,3.4636288109702402,-0.34763616284399657,0.5959314955639119,0.10680027215825189,0.10680027215825189,0.5874896866637893,0.9814732334726781,0.0002489843588327731,0.006727784763922619,revision_momentum_proxy_return_focus_te_overlay_06_10d_floor75,revision_momentum_proxy_return_focus,0.06,10,0.75,4.958751849439356,0.5959314955639119,0.7958403127857759,0.75
revision_momentum_proxy_balanced_te_overlay_08_60d_floor75,441,5.48659000775797,1.9107801142988121,0.5517557188691116,3.4630907282940018,-0.344878591995058,0.5278381583186142,0.0817001595467875,0.0817001595467875,0.6633382698108743,0.9890133428014279,0.00021505889871840635,0.005146626291311887,revision_momentum_proxy_balanced_te_overlay_08_60d_floor75,revision_momentum_proxy_balanced,0.08,60,0.75,4.958751849439356,0.5278381583186142,0.887294876201717,0.75
revision_momentum_proxy_balanced_te_overlay_06_40d_floor75,441,5.463229081263909,1.9047852332485995,0.5504314305378202,3.4605313715233446,-0.3448785919950581,0.504477231824553,0.07406973567295665,0.07406973567295665,0.6940819039863817,0.9909377340086827,0.0002040097744589435,0.0046659547682603025,revision_momentum_proxy_balanced_te_overlay_06_40d_floor75,revision_momentum_proxy_balanced,0.06,40,0.75,4.958751849439356,0.504477231824553,0.8225566959320697,0.75
revision_momentum_proxy_return_focus_te_overlay_10_10d_floor50,441,5.552467993777693,1.9276360779873971,0.5570594257045933,3.4603778143583837,-0.34014862155013714,0.5937161443383374,0.11426040342701857,0.11426040342701857,0.5488643399643374,0.9787679750822612,0.00024886294012313275,0.007197728861185795,revision_momentum_proxy_return_focus_te_overlay_10_10d_floor50,revision_momentum_proxy_return_focus,0.1,10,0.5,4.958751849439356,0.5937161443383374,0.8263227514052599,0.5
revision_momentum_proxy_balanced_te_overlay_06_60d_floor75,441,5.455926946367017,1.9029094551181496,0.5501013268454341,3.459198082706722,-0.344878591995058,0.49717509692766093,0.0734866281773687,0.0734866281773687,0.688488229443271,0.9910665555539468,0.00020077253381584355,0.004629222448714032,revision_momentum_proxy_balanced_te_overlay_06_60d_floor75,revision_momentum_proxy_balanced,0.06,60,0.75,4.958751849439356,0.49717509692766093,0.8156540307632096,0.75
revision_momentum_proxy_balanced_te_overlay_06_10d_floor25,441,5.441926570524043,1.8993104827892648,0.549148664497396,3.4586453643251485,-0.3512039602632624,0.48317472108468706,0.07002329004932845,0.07002329004932845,0.6976012691820306,0.9918598519598014,0.000193842603217115,0.004411052653644448,revision_momentum_proxy_balanced_te_overlay_06_10d_floor25,revision_momentum_proxy_balanced,0.06,10,0.25,4.958751849439356,0.48317472108468706,0.7636395084936499,0.31374305243710976
consensus_multiplier_return_focus_te_overlay_08_40d_floor50,441,5.4275225198775345,1.8956042405071982,0.5482503750452008,3.4575521090175525,-0.32961388094039457,0.4687706704381789,0.09150812323591102,0.09150812323591102,0.512963071107183,0.9859725387034186,0.00018627098383471226,0.005764469929154088,consensus_multiplier_return_focus_te_overlay_08_40d_floor50,consensus_multiplier_return_focus,0.08,40,0.5,4.958751849439356,0.4687706704381789,0.7460005828266856,0.5
revision_momentum_proxy_balanced_te_overlay_06_10d_floor50,441,5.435172936083066,1.897573177825604,0.5492688589179949,3.454725581136412,-0.3512039602632624,0.4764210866437102,0.07077014884167802,0.07077014884167802,0.6826557122747972,0.9916880223963681,0.00019171288240202032,0.004458100335288234,revision_momentum_proxy_balanced_te_overlay_06_10d_floor50,revision_momentum_proxy_balanced,0.06,10,0.5,4.958751849439356,0.4764210866437102,0.780124196299298,0.5
consensus_multiplier_return_focus_te_overlay_06_40d_floor25,441,5.360738489584657,1.878373622382795,0.5443674871639803,3.450561737565658,-0.336583282210855,0.40198664014530117,0.07153071359953761,0.07153071359953761,0.5445342854429287,0.9913322390779098,0.0001545671667347103,0.0045060114116038654,consensus_multiplier_return_focus_te_overlay_06_40d_floor25,consensus_multiplier_return_focus,0.06,40,0.25,4.958751849439356,0.40198664014530117,0.5834225092140296,0.32412726271436815
revision_momentum_proxy_balanced_te_overlay_08_40d_floor25,441,5.452919940819689,1.9021367488824028,0.5514589190290665,3.4492809586458866,-0.34482432888040626,0.4941680913803337,0.07946079913603028,0.07946079913603028,0.6424641906100972,0.989601723354285,0.0002025822142942905,0.005005559845056957,revision_momentum_proxy_balanced_te_overlay_08_40d_floor25,revision_momentum_proxy_balanced,0.08,40,0.25,4.958751849439356,0.4941680913803337,0.8779283397150991,0.5443291767518834
revision_momentum_proxy_balanced_te_overlay_08_40d_floor50,441,5.452919940819689,1.9021367488824028,0.5514589190290665,3.4492809586458866,-0.34482432888040626,0.4941680913803337,0.07946079913603028,0.07946079913603028,0.6424641906100972,0.989601723354285,0.0002025822142942905,0.005005559845056957,revision_momentum_proxy_balanced_te_overlay_08_40d_floor50,revision_momentum_proxy_balanced,0.08,40,0.5,4.958751849439356,0.4941680913803337,0.8779283397150991,0.5443291767518834
revision_momentum_proxy_return_focus_te_overlay_12_60d_floor25,441,5.551889452393849,1.927488365646517,0.5594865005276732,3.4451025428292343,-0.34434855117086716,0.593137602954493,0.12106490358014269,0.12106490358014269,0.5288080707121191,0.9763535206615496,0.00025404800830620625,0.007626372080263589,revision_momentum_proxy_return_focus_te_overlay_12_60d_floor25,revision_momentum_proxy_return_focus,0.12,60,0.25,4.958751849439356,0.593137602954493,0.8682737093316236,0.6377533709694535
revision_momentum_proxy_return_focus_te_overlay_12_60d_floor50,441,5.551889452393849,1.927488365646517,0.5594865005276732,3.4451025428292343,-0.34434855117086716,0.593137602954493,0.12106490358014269,0.12106490358014269,0.5288080707121191,0.9763535206615496,0.00025404800830620625,0.007626372080263589,revision_momentum_proxy_return_focus_te_overlay_12_60d_floor50,revision_momentum_proxy_return_focus,0.12,60,0.5,4.958751849439356,0.593137602954493,0.8682737093316236,0.6377533709694535
revision_momentum_proxy_return_focus_te_overlay_08_40d_floor75,441,5.5175068207085,1.9186997797287395,0.5570266729704373,3.4445384266734558,-0.34661444997385793,0.5587549712691446,0.10819200420961592,0.10819200420961592,0.551424853197403,0.981004862096442,0.0002367450795175407,0.006815455642483262,revision_momentum_proxy_return_focus_te_overlay_08_40d_floor75,revision_momentum_proxy_return_focus,0.08,40,0.75,4.958751849439356,0.5587549712691446,0.7950342338477395,0.75
revision_momentum_proxy_balanced_te_overlay_10_20d_floor75,441,5.451855054558649,1.9018630694696137,0.5522647724087192,3.4437522805855996,-0.3459176575108005,0.4931032051192936,0.08503985630203441,0.08503985630203441,0.6039670281816188,0.9881103230772724,0.0002038145606656017,0.005357007411996474,revision_momentum_proxy_balanced_te_overlay_10_20d_floor75,revision_momentum_proxy_balanced,0.1,20,0.75,4.958751849439356,0.4931032051192936,0.9490202321131653,0.75
revision_momentum_proxy_return_focus_te_overlay_10_10d_floor75,441,5.53995540361795,1.924440133759067,0.5591208780774395,3.4419035475411595,-0.3449891728189515,0.581203554178594,0.1203463890306972,0.1203463890306972,0.5212494067661124,0.9766026395916114,0.00024893049162180437,0.007581109918091819,revision_momentum_proxy_return_focus_te_overlay_10_10d_floor75,revision_momentum_proxy_return_focus,0.1,10,0.75,4.958751849439356,0.581203554178594,0.8804343864940211,0.75
revision_momentum_proxy_balanced_te_overlay_10_20d_floor25,441,5.440983660154223,1.8990679754194209,0.5521213542472657,3.439584360957228,-0.34606924498780467,0.4822318107148673,0.08458461340981983,0.08458461340981983,0.5949052427164719,0.9882311167138351,0.00019968186496288815,0.005328329805355294,revision_momentum_proxy_balanced_te_overlay_10_20d_floor25,revision_momentum_proxy_balanced,0.1,20,0.25,4.958751849439356,0.4822318107148673,0.9447386887967023,0.5694268173870002
revision_momentum_proxy_balanced_te_overlay_10_20d_floor50,441,5.440983660154223,1.8990679754194209,0.5521213542472657,3.439584360957228,-0.34606924498780467,0.4822318107148673,0.08458461340981983,0.08458461340981983,0.5949052427164719,0.9882311167138351,0.00019968186496288815,0.005328329805355294,revision_momentum_proxy_balanced_te_overlay_10_20d_floor50,revision_momentum_proxy_balanced,0.1,20,0.5,4.958751849439356,0.4822318107148673,0.9447386887967023,0.5694268173870002
revision_momentum_proxy_balanced_te_overlay_08_20d_floor75,441,5.426947318610081,1.8954561641536358,0.551485902072408,3.4369984020095035,-0.3454375089004085,0.4681954691707251,0.08042929486163163,0.08042929486163163,0.6060765278709553,0.989343658931389,0.00019343772924145623,0.005066569341146724,revision_momentum_proxy_balanced_te_overlay_08_20d_floor75,revision_momentum_proxy_balanced,0.08,20,0.75,4.958751849439356,0.4681954691707251,0.9056728678452928,0.75
revision_momentum_proxy_return_focus_te_overlay_06_60d_floor50,441,5.3977196244076255,1.887924469692535,0.5495648416147842,3.4353079504599564,-0.3454826243657195,0.4389677749682699,0.07629312786470754,0.07629312786470754,0.5914418348376328,0.9903349066572792,0.00017905931559446332,0.004806015311268296,revision_momentum_proxy_return_focus_te_overlay_06_60d_floor50,revision_momentum_proxy_return_focus,0.06,60,0.5,4.958751849439356,0.4389677749682699,0.5673175007927476,0.5
consensus_multiplier_return_focus_te_overlay_06_40d_floor50,441,5.330011871462357,1.8704199682755998,0.544670330102461,3.434040491839797,-0.33646345586325344,0.37126002202300157,0.07568303342642224,0.07568303342642224,0.4799266073879484,0.990303418826636,0.00014413611694115682,0.004767582974126235,consensus_multiplier_return_focus_te_overlay_06_40d_floor50,consensus_multiplier_return_focus,0.06,40,0.5,4.958751849439356,0.37126002202300157,0.6231703649097764,0.5
revision_momentum_proxy_return_focus_te_overlay_10_20d_floor75,441,5.506492516689317,1.915880200432801,0.5583808747643455,3.4311350675134844,-0.34661444997385793,0.5477406672499612,0.11578199412332267,0.11578199412332267,0.5131927228967645,0.9783120772805657,0.00023578760645462363,0.007293580065463183,revision_momentum_proxy_return_focus_te_overlay_10_20d_floor75,revision_momentum_proxy_return_focus,0.1,20,0.75,4.958751849439356,0.5477406672499612,0.8615282346655747,0.75
revision_momentum_proxy_return_focus_te_overlay_12_60d_floor75,441,5.516923788902125,1.9185505791680106,0.5597939135961149,3.42724444223276,-0.34661444997385815,0.5581719394627696,0.12204428324886861,0.12204428324886861,0.5007702640906753,0.9759923396891605,0.00024252439664005203,0.00768806720032458,revision_momentum_proxy_return_focus_te_overlay_12_60d_floor75,revision_momentum_proxy_return_focus,0.12,60,0.75,4.958751849439356,0.5581719394627696,0.8826546220325928,0.75
revision_momentum_proxy_return_focus_te_overlay_08_10d_floor75,441,5.4735796510222,1.907442540291132,0.556945094780466,3.4248304871829394,-0.350371069893057,0.514827801582844,0.11139522029450849,0.11139522029450849,0.5003475772019292,0.9798304774248083,0.00022117590708822422,0.007017239289060112,revision_momentum_proxy_return_focus_te_overlay_08_10d_floor75,revision_momentum_proxy_return_focus,0.08,10,0.75,4.958751849439356,0.514827801582844,0.8303059894199142,0.75
revision_momentum_proxy_return_focus_te_overlay_10_60d_floor75,441,5.478051395399969,1.9085900101773023,0.5574879672395799,3.423553730904272,-0.3466144499738577,0.5192995459606138,0.11418694938505716,0.11418694938505716,0.4942328922300507,0.9788352702724629,0.00022394819940279052,0.007193101691475738,revision_momentum_proxy_return_focus_te_overlay_10_60d_floor75,revision_momentum_proxy_return_focus,0.1,60,0.75,4.958751849439356,0.5192995459606138,0.840415492975492,0.75
revision_momentum_proxy_balanced_te_overlay_06_60d_floor25,441,5.34862497995116,1.8752399836862965,0.5482295719999721,3.4205378174791194,-0.3440255422354884,0.3898731305118046,0.06573139991316013,0.06573139991316013,0.6090586582903638,0.9928045808690297,0.00015886618348673272,0.004140688988056055,revision_momentum_proxy_balanced_te_overlay_06_60d_floor25,revision_momentum_proxy_balanced,0.06,60,0.25,4.958751849439356,0.3898731305118046,0.720442729206629,0.4665943659611356
revision_momentum_proxy_balanced_te_overlay_06_60d_floor50,441,5.348247631264034,1.8751423263775338,0.5482302349545999,3.4203555492207,-0.3440255422354884,0.38949578182467803,0.06578343833916428,0.06578343833916428,0.6080573255188461,0.9927930679072696,0.00015873056182518313,0.004143967100766204,revision_momentum_proxy_balanced_te_overlay_06_60d_floor50,revision_momentum_proxy_balanced,0.06,60,0.5,4.958751849439356,0.38949578182467803,0.7218323408340128,0.5
revision_momentum_proxy_return_focus_te_overlay_08_10d_floor25,441,5.388018545556399,1.8854213373786348,0.5524317904324841,3.4129486572497734,-0.3449978478716149,0.42926669611704327,0.09717089746543195,0.09717089746543195,0.4703890614695795,0.9844221330100578,0.00018138145738460823,0.0061211911753926065,revision_momentum_proxy_return_focus_te_overlay_08_10d_floor25,revision_momentum_proxy_return_focus,0.08,10,0.25,4.958751849439356,0.42926669611704327,0.7117887761378013,0.2858285406364313
revision_momentum_proxy_return_focus_te_overlay_10_60d_floor25,441,5.414674971460903,1.8922954904151301,0.5554136689643907,3.407002016971338,-0.3441515061643533,0.45592312202154694,0.10729491631359375,0.10729491631359375,0.4634625126607551,0.9811895604192522,0.00019733004567628416,0.006758944416839433,revision_momentum_proxy_return_focus_te_overlay_10_60d_floor25,revision_momentum_proxy_return_focus,0.1,60,0.25,4.958751849439356,0.45592312202154694,0.7782620495363199,0.5314611424745446
revision_momentum_proxy_return_focus_te_overlay_10_60d_floor50,441,5.414674971460903,1.8922954904151301,0.5554136689643907,3.407002016971338,-0.3441515061643533,0.45592312202154694,0.10729491631359375,0.10729491631359375,0.4634625126607551,0.9811895604192522,0.00019733004567628416,0.006758944416839433,revision_momentum_proxy_return_focus_te_overlay_10_60d_floor50,revision_momentum_proxy_return_focus,0.1,60,0.5,4.958751849439356,0.45592312202154694,0.7782620495363199,0.5314611424745446
revision_momentum_proxy_return_focus_te_overlay_10_40d_floor75,441,5.445989058978075,1.9003551413599413,0.5578430882278093,3.406612327844929,-0.34661444997385804,0.4872372095387192,0.1152949787801947,0.1152949787801947,0.46622762356926384,0.9784470933413498,0.00021330834907205904,0.007262900982544388,revision_momentum_proxy_return_focus_te_overlay_10_40d_floor75,revision_momentum_proxy_return_focus,0.1,40,0.75,4.958751849439356,0.4872372095387192,0.8536456797662029,0.75
revision_momentum_proxy_return_focus_te_overlay_12_40d_floor75,441,5.466131731483708,1.90553061601454,0.5594674366604622,3.405972342892579,-0.3466144499738577,0.5073798820443525,0.12141837237771062,0.12141837237771062,0.46478779505351936,0.9762099547753625,0.00022394356181120343,0.007648638521563251,revision_momentum_proxy_return_focus_te_overlay_12_40d_floor75,revision_momentum_proxy_return_focus,0.12,40,0.75,4.958751849439356,0.5073798820443525,0.8936360619156677,0.75
revision_momentum_proxy_balanced_te_overlay_06_40d_floor25,441,5.317450195105965,1.8671635867290801,0.5484460989375166,3.4044614235496686,-0.34449434379536903,0.3586983456666095,0.06524630233474923,0.06524630233474923,0.5719122524023054,0.9929198657634533,0.00014807603067138188,0.004110130712959034,revision_momentum_proxy_balanced_te_overlay_06_40d_floor25,revision_momentum_proxy_balanced,0.06,40,0.25,4.958751849439356,0.3586983456666095,0.731002950718394,0.40824688256391256
revision_momentum_proxy_return_focus_te_overlay_06_60d_floor25,441,5.306063766271692,1.864209467771762,0.5476748027750941,3.40386203331927,-0.34384733264322676,0.34731191683233664,0.06842912393508782,0.06842912393508782,0.5244504045254655,0.9921734486211843,0.00014241143543285723,0.004310629627768094,revision_momentum_proxy_return_focus_te_overlay_06_60d_floor25,revision_momentum_proxy_return_focus,0.06,60,0.25,4.958751849439356,0.34731191683233664,0.5014543554585593,0.31887668548472675
revision_momentum_proxy_return_focus_te_overlay_08_20d_floor50,441,5.365540856178565,1.8796152365027554,0.5522119136846686,3.4037933444081365,-0.34548262436571975,0.40678900673920904,0.09124333902355389,0.09124333902355389,0.4781584209043541,0.9862768580690456,0.00017313004327596491,0.005747790091606634,revision_momentum_proxy_return_focus_te_overlay_08_20d_floor50,revision_momentum_proxy_return_focus,0.08,20,0.5,4.958751849439356,0.40678900673920904,0.7049328002810595,0.5
revision_momentum_proxy_balanced_te_overlay_06_40d_floor50,441,5.313375027549146,1.8661065791211744,0.5484529228429235,3.4024918117824052,-0.3447616613939454,0.35462317810979016,0.06547881149201591,0.06547881149201591,0.5642631426462488,0.9928689045044231,0.0001466161902747072,0.004124777413141721,revision_momentum_proxy_balanced_te_overlay_06_40d_floor50,revision_momentum_proxy_balanced,0.06,40,0.5,4.958751849439356,0.35462317810979016,0.7357318885859516,0.5
revision_momentum_proxy_return_focus_te_overlay_08_60d_floor25,441,5.347508782263041,1.8749511060919946,0.5512034576703077,3.4015590432189606,-0.34398437558318495,0.38875693282368573,0.08835286801654993,0.08835286801654993,0.46947499582890995,0.9870859160041122,0.00016460104104580164,0.005565707533121517,revision_momentum_proxy_return_focus_te_overlay_08_60d_floor25,revision_momentum_proxy_return_focus,0.08,60,0.25,4.958751849439356,0.38875693282368573,0.6452272250759675,0.4251689139796357
revision_momentum_proxy_return_focus_te_overlay_06_40d_floor50,441,5.328692892006974,1.8700781775348556,0.5498685754059571,3.4009548120734374,-0.34548262436571986,0.3699410425676186,0.07687270763478304,0.07687270763478304,0.5079559341749517,0.9901999546504375,0.00015495217467930222,0.004842525404995529,revision_momentum_proxy_return_focus_te_overlay_06_40d_floor50,revision_momentum_proxy_return_focus,0.06,40,0.5,4.958751849439356,0.3699410425676186,0.5772711302386807,0.5
revision_momentum_proxy_balanced_te_overlay_06_20d_floor50,441,5.307688434434704,1.8646311148209316,0.5482756809366001,3.400900641143973,-0.3473852368340937,0.3489365849953483,0.06434723979162228,0.06434723979162228,0.5648368994476476,0.9931098338124364,0.00014422895004727866,0.0040534950962398154,revision_momentum_proxy_balanced_te_overlay_06_20d_floor50,revision_momentum_proxy_balanced,0.06,20,0.5,4.958751849439356,0.3489365849953483,0.7482879456711814,0.5
revision_momentum_proxy_return_focus_te_overlay_08_10d_floor50,441,5.365240922906563,1.8795377028696962,0.5529545707015667,3.399081592697595,-0.3459866135309464,0.4064890734672071,0.09913902686308788,0.09913902686308788,0.4432565438263966,0.9838115359426405,0.00017438104129224058,0.006245171673825772,revision_momentum_proxy_return_focus_te_overlay_08_10d_floor50,revision_momentum_proxy_return_focus,0.08,10,0.5,4.958751849439356,0.4064890734672071,0.7373288785562024,0.5
revision_momentum_proxy_return_focus_te_overlay_12_40d_floor25,441,5.440066536373024,1.8988320855124061,0.5587102854138674,3.3985987641266298,-0.3454333989244015,0.4813146869336684,0.11871115029473067,0.11871115029473067,0.4524940161724566,0.9772077546987475,0.0002131590681004555,0.007478099560244507,revision_momentum_proxy_return_focus_te_overlay_12_40d_floor25,revision_momentum_proxy_return_focus,0.12,40,0.25,4.958751849439356,0.4813146869336684,0.8721660402347589,0.560536326431266
revision_momentum_proxy_return_focus_te_overlay_12_40d_floor50,441,5.440066536373024,1.8988320855124061,0.5587102854138674,3.3985987641266298,-0.3454333989244015,0.4813146869336684,0.11871115029473067,0.11871115029473067,0.4524940161724566,0.9772077546987475,0.0002131590681004555,0.007478099560244507,revision_momentum_proxy_return_focus_te_overlay_12_40d_floor50,revision_momentum_proxy_return_focus,0.12,40,0.5,4.958751849439356,0.4813146869336684,0.8721660402347589,0.560536326431266
revision_momentum_proxy_return_focus_te_overlay_12_20d_floor75,441,5.4439855153853145,1.899839970497097,0.5593451190292948,3.3965433966674086,-0.3466144499738578,0.48523366594595885,0.12130752256828818,0.12130752256828818,0.4484640131978477,0.9762417625436279,0.00021588118413517061,0.007641655639929663,revision_momentum_proxy_return_focus_te_overlay_12_20d_floor75,revision_momentum_proxy_return_focus,0.12,20,0.75,4.958751849439356,0.48523366594595885,0.9077207450032719,0.75
revision_momentum_proxy_return_focus_te_overlay_06_10d_floor25,441,5.296441479230689,1.8617112588185218,0.5487234378097932,3.392804335549189,-0.3504788250218839,0.337689629791333,0.07696568901106335,0.07696568901106335,0.46133870420795675,0.9901233244431855,0.00014090179062236722,0.004848382681143105,revision_momentum_proxy_return_focus_te_overlay_06_10d_floor25,revision_momentum_proxy_return_focus,0.06,10,0.25,4.958751849439356,0.337689629791333,0.5814765551237225,0.25
revision_momentum_proxy_return_focus_te_overlay_06_20d_floor25,441,5.27728624175709,1.8567331593440644,0.5473896960809178,3.3919768176812615,-0.3454670703751709,0.3185343923177344,0.06879520665893965,0.06879520665893965,0.48132618897995644,0.9920782415540318,0.00013140053429061882,0.004333690671734501,revision_momentum_proxy_return_focus_te_overlay_06_20d_floor25,revision_momentum_proxy_return_focus,0.06,20,0.25,4.958751849439356,0.3185343923177344,0.5408718642477691,0.25
revision_momentum_proxy_balanced_te_overlay_08_20d_floor25,441,5.312744171352738,1.8659429229554316,0.5502153917929227,3.391295392291919,-0.3456631712433408,0.35399232191338204,0.07685341769953896,0.07685341769953896,0.49188878960493393,0.9902216732244314,0.00015001323257630408,0.0048413102532940434,revision_momentum_proxy_balanced_te_overlay_08_20d_floor25,revision_momentum_proxy_balanced,0.08,20,0.25,4.958751849439356,0.35399232191338204,0.8751672608154712,0.45554145390960016
revision_momentum_proxy_balanced_te_overlay_08_20d_floor50,441,5.310351385763779,1.8653221248788756,0.5502151891047787,3.3901683592447283,-0.3456631712433408,0.3515995363244233,0.07686200884393743,0.07686200884393743,0.4890010564136582,0.9902194450051364,0.00014914922032841803,0.004841851444521562,revision_momentum_proxy_balanced_te_overlay_08_20d_floor50,revision_momentum_proxy_balanced,0.08,20,0.5,4.958751849439356,0.3515995363244233,0.8753174894895445,0.5
revision_momentum_proxy_return_focus_te_overlay_08_60d_floor50,441,5.325195601689624,1.8691717673436772,0.5513635013409124,3.390089773439598,-0.3454826243657194,0.3664437522502686,0.08894959993631,0.08894959993631,0.44456069068261306,0.986917837706291,0.00015691863326836543,0.005603298110718167,revision_momentum_proxy_return_focus_te_overlay_08_60d_floor50,revision_momentum_proxy_return_focus,0.08,60,0.5,4.958751849439356,0.3664437522502686,0.6548145002099469,0.5
revision_momentum_proxy_return_focus_te_overlay_06_10d_floor50,441,5.313663575845972,1.8661814317334184,0.5505316048805908,3.389780741358508,-0.3486929277473936,0.35491172640661617,0.08297361414923339,0.08297361414923339,0.4583301361254795,0.9885950754942016,0.00015090995185651252,0.005226846390930993,revision_momentum_proxy_return_focus_te_overlay_06_10d_floor50,revision_momentum_proxy_return_focus,0.06,10,0.5,4.958751849439356,0.35491172640661617,0.6382498528692606,0.5
revision_momentum_proxy_balanced_te_overlay_06_20d_floor25,441,5.265996412685021,1.8537960876466602,0.5479456239107969,3.3831752764366447,-0.3473852368340937,0.30724456324566507,0.06345377947631231,0.06345377947631231,0.5101583278926538,0.9932903449907702,0.0001284582303020027,0.00399721238670135,revision_momentum_proxy_balanced_te_overlay_06_20d_floor25,revision_momentum_proxy_balanced,0.06,20,0.25,4.958751849439356,0.30724456324566507,0.7386951192191792,0.34165609043220013
revision_momentum_proxy_return_focus_te_overlay_08_20d_floor25,441,5.270242824705436,1.8549010661416396,0.5508516679519917,3.3673331207981376,-0.34403193838051127,0.3114909752660804,0.08833406377740435,0.08833406377740435,0.3879588225694004,0.9870713806681614,0.0001359919816502068,0.00556452297739835,revision_momentum_proxy_return_focus_te_overlay_08_20d_floor25,revision_momentum_proxy_return_focus,0.08,20,0.25,4.958751849439356,0.3114909752660804,0.6831476075168734,0.3148911988850639
revision_momentum_proxy_return_focus_te_overlay_10_40d_floor25,441,5.303056427505891,1.863428855973194,0.5550864554549672,3.357006530533818,-0.3450689582549362,0.34430457806653525,0.10625523534106272,0.10625523534106272,0.37139087954253525,0.9815326038767466,0.00015659613217982682,0.006693450671692698,revision_momentum_proxy_return_focus_te_overlay_10_40d_floor25,revision_momentum_proxy_return_focus,0.1,40,0.25,4.958751849439356,0.34430457806653525,0.7880340441652449,0.46711360535938845
revision_momentum_proxy_return_focus_te_overlay_10_40d_floor50,441,5.297404026064145,1.8619612359245372,0.5551062443037468,3.3542430030848234,-0.34550744670712985,0.3386521766247892,0.10629118032675003,0.10629118032675003,0.36652296569644166,0.981521471972661,0.00015459586762196705,0.006695714992954802,revision_momentum_proxy_return_focus_te_overlay_10_40d_floor50,revision_momentum_proxy_return_focus,0.1,40,0.5,4.958751849439356,0.3386521766247892,0.7884444113993385,0.5
revision_momentum_proxy_return_focus_te_overlay_08_40d_floor50,441,5.249862307189468,1.849594828286393,0.5518513451888576,3.351617866680047,-0.3454826243657195,0.29111045775011224,0.09018898209424822,0.09018898209424822,0.3648531878391539,0.9865749256905688,0.00013057832390894774,0.005681371848081859,revision_momentum_proxy_return_focus_te_overlay_08_40d_floor50,revision_momentum_proxy_return_focus,0.08,40,0.5,4.958751849439356,0.29111045775011224,0.6755149378920611,0.5
revision_momentum_proxy_return_focus_te_overlay_08_40d_floor25,441,5.2322983053875065,1.8450159416022482,0.5514706542844583,3.3456285067356575,-0.3447291143910587,0.27354645594815086,0.08857233379819628,0.08857233379819628,0.35105705527071,0.9870363738128409,0.00012338866143511574,0.005579532577872103,revision_momentum_proxy_return_focus_te_overlay_08_40d_floor25,revision_momentum_proxy_return_focus,0.08,40,0.25,4.958751849439356,0.27354645594815086,0.6612015901047886,0.37369088428751074
revision_momentum_proxy_return_focus_te_overlay_06_40d_floor25,441,5.183814387622401,1.8323475290692723,0.5477117865580917,3.345459371221563,-0.3444140047831533,0.2250625381830451,0.06804180382465587,0.06804180382465587,0.3624341855498938,0.992264011711968,9.785982441482064e-05,0.004286230754197213,revision_momentum_proxy_return_focus_te_overlay_06_40d_floor25,revision_momentum_proxy_return_focus,0.06,40,0.25,4.958751849439356,0.2250625381830451,0.5133541503560602,0.280268163215633
revision_momentum_proxy_return_focus_te_overlay_12_20d_floor25,441,5.301850361606476,1.8631157538589531,0.5569768782337066,3.345050444045889,-0.34441880390241564,0.3430985121671206,0.11635631436371695,0.11635631436371695,0.3468988453978824,0.9779583569357118,0.00016017409169653352,0.007329758839963041,revision_momentum_proxy_return_focus_te_overlay_12_20d_floor25,revision_momentum_proxy_return_focus,0.12,20,0.25,4.958751849439356,0.3430985121671206,0.8750429558569925,0.47233679832759584
revision_momentum_proxy_return_focus_te_overlay_12_20d_floor50,441,5.3002269966629765,1.8626942778005038,0.5569753679595097,3.3443027913864865,-0.34441880390241564,0.3414751472236208,0.11636196062419485,0.11636196062419485,0.34560371334605156,0.9779560365391955,0.00015958383207916182,0.0073301145209407085,revision_momentum_proxy_return_focus_te_overlay_12_20d_floor50,revision_momentum_proxy_return_focus,0.12,20,0.5,4.958751849439356,0.3414751472236208,0.8751108913383477,0.5
revision_momentum_proxy_return_focus_te_overlay_10_20d_floor50,441,5.252132379665534,1.8501862272254574,0.5543439526480136,3.337614162448079,-0.3446510496422931,0.2933805302261785,0.10494912870020885,0.10494912870020885,0.3281342104223916,0.9819337879828908,0.00013665634714508327,0.006611173686992,revision_momentum_proxy_return_focus_te_overlay_10_20d_floor50,revision_momentum_proxy_return_focus,0.1,20,0.5,4.958751849439356,0.2933805302261785,0.7954211396829605,0.5
revision_momentum_proxy_return_focus_te_overlay_10_20d_floor25,441,5.249562899047426,1.8495168196510536,0.5541503609230144,3.3375721646565863,-0.34421051538931835,0.29081104960807025,0.10466143643124245,0.10466143643124245,0.32581599523440147,0.9820194863534127,0.00013531892886312421,0.006593050777520548,revision_momentum_proxy_return_focus_te_overlay_10_20d_floor25,revision_momentum_proxy_return_focus,0.1,20,0.25,4.958751849439356,0.29081104960807025,0.7933188629058552,0.3936139986063299
