metric,value,definition,practical_interpretation
Average Holding Periods,21.2거래일 / 약 30.7일,연환산 one-way turnover의 역수로 본 평균 보유기간입니다.,"주간 리밸런싱이지만 모든 비중을 매주 갈아엎는 구조는 아니며, 평균적으로 약 21.2거래일마다 보유비중이 한 바퀴 도는 수준입니다."
Maximum Strategy Capacity,3일 분할 x 10% ADV x 시계열 하위 10% 99.09억 원,리밸런싱 주문이 직전 20거래일 평균 거래대금의 일정 비율을 넘지 않는 운용규모 한도입니다.,"발표 기준 capacity는 3일 분할 체결, 하루 10% ADV 참여율, 시계열 하위 10% 기준 99.09억 원입니다. 1일 체결ㆍ5% ADVㆍ시계열 하위 5% 기준 12.33억 원과 3일 분할ㆍ5% ADVㆍ시계열 하위 5% 기준 36.98억 원은 더 보수적인 참고값입니다. 3일 분할ㆍ10% ADVㆍ시계열 하위 5% 기준은 73.97억 원입니다."
Turnover and Costs,"리밸런싱 평균 one-way 21.71%, 매매비용 -6.14%p, 총보수ㆍ비용 -0.80%p",Turnover는 리밸런싱 때 목표비중으로 이동하기 위해 사고파는 비중 변화입니다. 비용은 매매비용과 펀드 총보수ㆍ비용을 분리해 반영했습니다.,"평균 리밸런싱 one-way turnover는 21.71%이고, 최대값은 약 30%로 turnover limit 근처입니다. 비용 반영 누적수익률은 비용 미반영 대비 -54.97%p 낮아집니다."
Sharpe Ratio,3.937,성과표의 Sharpe는 CAGR을 연환산 변동성으로 나눈 값입니다.,"최종 전략은 누적수익률 664.06%, 연환산 변동성 55.78% 기준 Sharpe 3.94입니다. 단, 표본이 짧으므로 PSR/DSR과 함께 봅니다."
Probabilistic Sharpe Ratio,"PSR(SR*>0) 99.92%, PSR(SR*>1) 96.55%, PSR(SR*>2) 68.62%",관측된 표본 Sharpe가 특정 기준 Sharpe를 초과할 확률을 왜도ㆍ첨도를 반영해 계산한 값입니다.,"표본 연율 Sharpe 2.36 기준, 장기 Sharpe가 1을 넘을 가능성은 96.55%로 추정됩니다. PSR은 미래 보장이 아니라 짧은 표본의 Sharpe 신뢰도 점검입니다."
Deflated Sharpe Ratio,91.65% (trial count 15),여러 전략 후보를 테스트했을 때 우연히 높아진 Sharpe를 할인한 확률입니다.,"현재 발표에 남긴 후보/민감도 조합 15개를 고려해 기대 최대 Sharpe 기준을 1.33로 높이면 DSR은 91.65%입니다. 여러 후보 중 고른 효과를 반영해도 Sharpe가 완전히 우연이라고 보기는 어렵지만, trial count 정의에 따라 값이 달라지므로 scenario table과 함께 해석합니다."
Drawdown,-32.92% (2024-09-06),누적 wealth가 이전 고점 대비 얼마나 하락했는지의 최대값입니다.,"최대낙폭은 -32.92%로, 수익률은 높지만 테마 ETF 특유의 하락위험은 큽니다. 따라서 이 전략은 저위험 전략이 아니라 active overlay 전략으로 해석해야 합니다."
Tracking Error,17.90%,전략 일별 수익률에서 PDF 벤치마크 일별 수익률을 뺀 active return의 표준편차를 연율화한 값입니다.,"실현 TE는 17.90%, IR은 0.843, PDF 상관계수는 0.947입니다. TE는 패시브 복제 오차가 아니라 초과성과를 얻기 위해 사용한 active risk 예산입니다."
Herfindahl-Hirschman Index,"latest HHI 0.261, effective holdings 3.84",종목별 비중 제곱합입니다. 1/HHI는 실질적으로 몇 종목에 분산된 것처럼 보이는지 보여줍니다.,"최신 전략 HHI는 0.261, PDF HHI는 0.147입니다. 전략의 최신 effective holdings는 3.84개로 PDF 6.82개보다 낮아, 초과성과와 함께 집중위험이 커졌습니다."
